<?xml version="1.0" encoding="utf-8" ?>
<dwsync>
<file name="demos.scss" server="ftp.modim.com.tr/public_html/" local="131328025920000000" remote="131441540400000000" Dst="0" />
<file name="docs.scss" server="ftp.modim.com.tr/public_html/" local="131328025920000000" remote="131441540400000000" Dst="0" />
<file name="custom.scss" server="ftp.modim.com.tr/public_html/" local="131328025920000000" remote="131441540400000000" Dst="0" />
<file name="docs.theme.scss" server="ftp.modim.com.tr/public_html/" local="131328025920000000" remote="131441540400000000" Dst="0" />
<file name="highlight.scss" server="ftp.modim.com.tr/public_html/" local="131328025920000000" remote="131441540400000000" Dst="0" />
<file name="_settings.scss" server="ftp.modim.com.tr/public_html/" local="131328025920000000" remote="131441540400000000" Dst="0" />
<file name="docs.scss" server="ftp.temamagazasi.com/public_html/derbesitz/" local="131328025920000000" remote="131455581600000000" Dst="0" />
<file name="custom.scss" server="ftp.temamagazasi.com/public_html/derbesitz/" local="131328025920000000" remote="131455581600000000" Dst="0" />
<file name="demos.scss" server="ftp.temamagazasi.com/public_html/derbesitz/" local="131328025920000000" remote="131455581600000000" Dst="0" />
<file name="_settings.scss" server="ftp.temamagazasi.com/public_html/derbesitz/" local="131328025920000000" remote="131455581600000000" Dst="0" />
<file name="docs.theme.scss" server="ftp.temamagazasi.com/public_html/derbesitz/" local="131328025920000000" remote="131455581600000000" Dst="0" />
<file name="highlight.scss" server="ftp.temamagazasi.com/public_html/derbesitz/" local="131328025920000000" remote="131455581600000000" Dst="0" />
<file name="custom.css" server="109.232.216.204/public_html/" local="131475244449371904" remote="131477824200000000" Dst="0" />
<file name="demos.css" server="109.232.216.204/public_html/" local="131475244448936487" remote="131477824200000000" Dst="0" />
<file name="custom.scss" server="109.232.216.204/public_html/" local="131475244422574163" remote="131477824200000000" Dst="0" />
<file name="demos.scss" server="109.232.216.204/public_html/" local="131475244422714302" remote="131477824200000000" Dst="0" />
<file name="docs.scss" server="109.232.216.204/public_html/" local="131475244422849425" remote="131477824200000000" Dst="0" />
<file name="docs.theme.css" server="109.232.216.204/public_html/" local="131475244449852366" remote="131477824200000000" Dst="0" />
<file name="docs.css" server="109.232.216.204/public_html/" local="131475244448911463" remote="131477824200000000" Dst="0" />
<file name="highlight.css" server="109.232.216.204/public_html/" local="131475244449321854" remote="131477824200000000" Dst="0" />
<file name="highlight.scss" server="109.232.216.204/public_html/" local="131475244423174734" remote="131477824200000000" Dst="0" />
<file name="docs.theme.scss" server="109.232.216.204/public_html/" local="131475244422994563" remote="131477824200000000" Dst="0" />
<file name="_settings.scss" server="109.232.216.204/public_html/" local="131475244423770351" remote="131477824200000000" Dst="0" />
<file name="highlight.scss" server="ftp.flatisler.com/public_html/" local="131656786907348356" remote="131659387800000000" Dst="0" />
<file name="highlight.css" server="ftp.flatisler.com/public_html/" local="131656786907318326" remote="131659387800000000" Dst="0" />
<file name="demos.scss" server="ftp.flatisler.com/public_html/" local="131656786906136847" remote="131659387800000000" Dst="0" />
<file name="custom.css" server="ftp.flatisler.com/public_html/" local="131656786904289954" remote="131659387800000000" Dst="0" />
<file name="custom.scss" server="ftp.flatisler.com/public_html/" local="131656786905861459" remote="131659387800000000" Dst="0" />
<file name="docs.theme.css" server="ftp.flatisler.com/public_html/" local="131656786906712398" remote="131659387800000000" Dst="0" />
<file name="demos.css" server="ftp.flatisler.com/public_html/" local="131656786906026741" remote="131659387800000000" Dst="0" />
<file name="_settings.scss" server="ftp.flatisler.com/public_html/" local="131656786904495151" remote="131659387800000000" Dst="0" />
<file name="docs.scss" server="ftp.flatisler.com/public_html/" local="131656786906777457" remote="131659387800000000" Dst="0" />
<file name="docs.theme.scss" server="ftp.flatisler.com/public_html/" local="131656786907123390" remote="131659387800000000" Dst="0" />
<file name="docs.css" server="ftp.flatisler.com/public_html/" local="131656786906427124" remote="131659387800000000" Dst="0" />
<file name="custom.css" server="ftp.alicinaroglu.com/public_html/" local="131665352218220151" remote="131665361400000000" Dst="0" />
<file name="custom.scss" server="ftp.alicinaroglu.com/public_html/" local="131661838380000000" remote="131665361400000000" Dst="0" />
<file name="demos.css" server="ftp.alicinaroglu.com/public_html/" local="131665352217759707" remote="131665361400000000" Dst="0" />
<file name="demos.scss" server="ftp.alicinaroglu.com/public_html/" local="131661838380000000" remote="131665361400000000" Dst="0" />
<file name="docs.css" server="ftp.alicinaroglu.com/public_html/" local="131665352218545457" remote="131665361400000000" Dst="0" />
<file name="docs.scss" server="ftp.alicinaroglu.com/public_html/" local="131661838380000000" remote="131665361400000000" Dst="0" />
<file name="docs.theme.css" server="ftp.alicinaroglu.com/public_html/" local="131665352218480396" remote="131665361400000000" Dst="0" />
<file name="docs.theme.scss" server="ftp.alicinaroglu.com/public_html/" local="131661838380000000" remote="131665361400000000" Dst="0" />
<file name="highlight.css" server="ftp.alicinaroglu.com/public_html/" local="131665352221238034" remote="131665361400000000" Dst="0" />
<file name="highlight.scss" server="ftp.alicinaroglu.com/public_html/" local="131661838380000000" remote="131665361400000000" Dst="0" />
<file name="_settings.scss" server="ftp.alicinaroglu.com/public_html/" local="131661838380000000" remote="131665361400000000" Dst="0" />
<file name="custom.css" server="ftp.alicinaroglu.com/public_html/udemy/html_tema/" local="131665352218220151" remote="131665377600000000" Dst="0" />
<file name="demos.css" server="ftp.alicinaroglu.com/public_html/udemy/html_tema/" local="131665352217759707" remote="131665377600000000" Dst="0" />
<file name="custom.scss" server="ftp.alicinaroglu.com/public_html/udemy/html_tema/" local="131661838380000000" remote="131665377600000000" Dst="0" />
<file name="demos.scss" server="ftp.alicinaroglu.com/public_html/udemy/html_tema/" local="131661838380000000" remote="131665377600000000" Dst="0" />
<file name="docs.css" server="ftp.alicinaroglu.com/public_html/udemy/html_tema/" local="131665352218545457" remote="131665377600000000" Dst="0" />
<file name="docs.scss" server="ftp.alicinaroglu.com/public_html/udemy/html_tema/" local="131661838380000000" remote="131665377600000000" Dst="0" />
<file name="docs.theme.scss" server="ftp.alicinaroglu.com/public_html/udemy/html_tema/" local="131661838380000000" remote="131665377600000000" Dst="0" />
<file name="highlight.css" server="ftp.alicinaroglu.com/public_html/udemy/html_tema/" local="131665352221238034" remote="131665377600000000" Dst="0" />
<file name="docs.theme.css" server="ftp.alicinaroglu.com/public_html/udemy/html_tema/" local="131665352218480396" remote="131665377600000000" Dst="0" />
<file name="_settings.scss" server="ftp.alicinaroglu.com/public_html/udemy/html_tema/" local="131661838380000000" remote="131665377600000000" Dst="0" />
<file name="highlight.scss" server="ftp.alicinaroglu.com/public_html/udemy/html_tema/" local="131661838380000000" remote="131665377600000000" Dst="0" />
<file name="custom.css" server="ftp.alicinaroglu.com/public_html/udemy/wordpress_tema/" local="131676496361502616" remote="131676554400000000" Dst="0" />
<file name="custom.scss" server="ftp.alicinaroglu.com/public_html/udemy/wordpress_tema/" local="131661838380000000" remote="131676554400000000" Dst="0" />
<file name="demos.css" server="ftp.alicinaroglu.com/public_html/udemy/wordpress_tema/" local="131676496357068353" remote="131676554400000000" Dst="0" />
<file name="demos.scss" server="ftp.alicinaroglu.com/public_html/udemy/wordpress_tema/" local="131661838380000000" remote="131676554400000000" Dst="0" />
<file name="docs.css" server="ftp.alicinaroglu.com/public_html/udemy/wordpress_tema/" local="131676496359690872" remote="131676554400000000" Dst="0" />
<file name="docs.scss" server="ftp.alicinaroglu.com/public_html/udemy/wordpress_tema/" local="131661838380000000" remote="131676554400000000" Dst="0" />
<file name="docs.theme.css" server="ftp.alicinaroglu.com/public_html/udemy/wordpress_tema/" local="131676496359210411" remote="131676554400000000" Dst="0" />
<file name="docs.theme.scss" server="ftp.alicinaroglu.com/public_html/udemy/wordpress_tema/" local="131661838380000000" remote="131676554400000000" Dst="0" />
<file name="highlight.css" server="ftp.alicinaroglu.com/public_html/udemy/wordpress_tema/" local="131676496359300499" remote="131676554400000000" Dst="0" />
<file name="_settings.scss" server="ftp.alicinaroglu.com/public_html/udemy/wordpress_tema/" local="131661838380000000" remote="131676554400000000" Dst="0" />
<file name="highlight.scss" server="ftp.alicinaroglu.com/public_html/udemy/wordpress_tema/" local="131661838380000000" remote="131676554400000000" Dst="0" />
</dwsync>