<?xml version="1.0" encoding="utf-8" ?>
<dwsync>
<file name="bird_blue_32.png" server="ftp.modim.com.tr/public_html/" local="131328025920000000" remote="131441540400000000" Dst="0" />
<file name="download.png" server="ftp.modim.com.tr/public_html/" local="131328025920000000" remote="131441540400000000" Dst="0" />
<file name="feature-drag.png" server="ftp.modim.com.tr/public_html/" local="131328025920000000" remote="131441540400000000" Dst="0" />
<file name="feature-module.png" server="ftp.modim.com.tr/public_html/" local="131328025920000000" remote="131441540400000000" Dst="0" />
<file name="feature-modern.png" server="ftp.modim.com.tr/public_html/" local="131328025920000000" remote="131441540400000000" Dst="0" />
<file name="feature-options.png" server="ftp.modim.com.tr/public_html/" local="131328025920000000" remote="131441540400000000" Dst="0" />
<file name="feature-zombie.png" server="ftp.modim.com.tr/public_html/" local="131328025920000000" remote="131441540400000000" Dst="0" />
<file name="feature-responsive.png" server="ftp.modim.com.tr/public_html/" local="131328025920000000" remote="131441540400000000" Dst="0" />
<file name="owl-logo.png" server="ftp.modim.com.tr/public_html/" local="131328025920000000" remote="131441540400000000" Dst="0" />
<file name="twitter_25.png" server="ftp.modim.com.tr/public_html/" local="131328025920000000" remote="131441540400000000" Dst="0" />
<file name="bird_blue_32.png" server="ftp.temamagazasi.com/public_html/derbesitz/" local="131328025920000000" remote="131455581600000000" Dst="0" />
<file name="download.png" server="ftp.temamagazasi.com/public_html/derbesitz/" local="131328025920000000" remote="131455581600000000" Dst="0" />
<file name="feature-drag.png" server="ftp.temamagazasi.com/public_html/derbesitz/" local="131328025920000000" remote="131455581600000000" Dst="0" />
<file name="feature-modern.png" server="ftp.temamagazasi.com/public_html/derbesitz/" local="131328025920000000" remote="131455581600000000" Dst="0" />
<file name="feature-module.png" server="ftp.temamagazasi.com/public_html/derbesitz/" local="131328025920000000" remote="131455581600000000" Dst="0" />
<file name="feature-options.png" server="ftp.temamagazasi.com/public_html/derbesitz/" local="131328025920000000" remote="131455581600000000" Dst="0" />
<file name="feature-responsive.png" server="ftp.temamagazasi.com/public_html/derbesitz/" local="131328025920000000" remote="131455581600000000" Dst="0" />
<file name="feature-zombie.png" server="ftp.temamagazasi.com/public_html/derbesitz/" local="131328025920000000" remote="131455581600000000" Dst="0" />
<file name="owl-logo.png" server="ftp.temamagazasi.com/public_html/derbesitz/" local="131328025920000000" remote="131455581600000000" Dst="0" />
<file name="twitter_25.png" server="ftp.temamagazasi.com/public_html/derbesitz/" local="131328025920000000" remote="131455581600000000" Dst="0" />
<file name="bird_blue_32.png" server="109.232.216.204/public_html/" local="131475244417709313" remote="131477824200000000" Dst="0" />
<file name="download.png" server="109.232.216.204/public_html/" local="131475244418008741" remote="131477824200000000" Dst="0" />
<file name="feature-modern.png" server="109.232.216.204/public_html/" local="131475244419175918" remote="131477824200000000" Dst="0" />
<file name="feature-module.png" server="109.232.216.204/public_html/" local="131475244419341076" remote="131477824200000000" Dst="0" />
<file name="feature-drag.png" server="109.232.216.204/public_html/" local="131475244418459235" remote="131477824200000000" Dst="0" />
<file name="feature-options.png" server="109.232.216.204/public_html/" local="131475244419626350" remote="131477824200000000" Dst="0" />
<file name="feature-responsive.png" server="109.232.216.204/public_html/" local="131475244419941653" remote="131477824200000000" Dst="0" />
<file name="feature-zombie.png" server="109.232.216.204/public_html/" local="131475244420066770" remote="131477824200000000" Dst="0" />
<file name="owl-logo.png" server="109.232.216.204/public_html/" local="131475244420392082" remote="131477824200000000" Dst="0" />
<file name="twitter_25.png" server="109.232.216.204/public_html/" local="131475244420512194" remote="131477824200000000" Dst="0" />
<file name="feature-options.png" server="ftp.flatisler.com/public_html/" local="131656786902804985" remote="131659387800000000" Dst="0" />
<file name="owl-logo.png" server="ftp.flatisler.com/public_html/" local="131656786903400648" remote="131659387800000000" Dst="0" />
<file name="download.png" server="ftp.flatisler.com/public_html/" local="131656786901964176" remote="131659387800000000" Dst="0" />
<file name="feature-modern.png" server="ftp.flatisler.com/public_html/" local="131656786902529720" remote="131659387800000000" Dst="0" />
<file name="feature-zombie.png" server="ftp.flatisler.com/public_html/" local="131656786902970136" remote="131659387800000000" Dst="0" />
<file name="feature-module.png" server="ftp.flatisler.com/public_html/" local="131656786902454647" remote="131659387800000000" Dst="0" />
<file name="twitter_25.png" server="ftp.flatisler.com/public_html/" local="131656786903380627" remote="131659387800000000" Dst="0" />
<file name="bird_blue_32.png" server="ftp.flatisler.com/public_html/" local="131656786901538766" remote="131659387800000000" Dst="0" />
<file name="feature-responsive.png" server="ftp.flatisler.com/public_html/" local="131656786902940109" remote="131659387800000000" Dst="0" />
<file name="feature-drag.png" server="ftp.flatisler.com/public_html/" local="131656786902314508" remote="131659387800000000" Dst="0" />
<file name="bird_blue_32.png" server="ftp.alicinaroglu.com/public_html/" local="131661838370000000" remote="131665361400000000" Dst="0" />
<file name="download.png" server="ftp.alicinaroglu.com/public_html/" local="131661838370000000" remote="131665361400000000" Dst="0" />
<file name="feature-drag.png" server="ftp.alicinaroglu.com/public_html/" local="131661838370000000" remote="131665361400000000" Dst="0" />
<file name="feature-modern.png" server="ftp.alicinaroglu.com/public_html/" local="131661838370000000" remote="131665361400000000" Dst="0" />
<file name="feature-module.png" server="ftp.alicinaroglu.com/public_html/" local="131661838370000000" remote="131665361400000000" Dst="0" />
<file name="feature-responsive.png" server="ftp.alicinaroglu.com/public_html/" local="131661838370000000" remote="131665361400000000" Dst="0" />
<file name="feature-zombie.png" server="ftp.alicinaroglu.com/public_html/" local="131661838370000000" remote="131665361400000000" Dst="0" />
<file name="feature-options.png" server="ftp.alicinaroglu.com/public_html/" local="131661838370000000" remote="131665361400000000" Dst="0" />
<file name="twitter_25.png" server="ftp.alicinaroglu.com/public_html/" local="131661838370000000" remote="131665361400000000" Dst="0" />
<file name="owl-logo.png" server="ftp.alicinaroglu.com/public_html/" local="131661838370000000" remote="131665361400000000" Dst="0" />
<file name="bird_blue_32.png" server="ftp.alicinaroglu.com/public_html/udemy/html_tema/" local="131661838370000000" remote="131665377600000000" Dst="0" />
<file name="feature-modern.png" server="ftp.alicinaroglu.com/public_html/udemy/html_tema/" local="131661838370000000" remote="131665377600000000" Dst="0" />
<file name="feature-drag.png" server="ftp.alicinaroglu.com/public_html/udemy/html_tema/" local="131661838370000000" remote="131665377600000000" Dst="0" />
<file name="download.png" server="ftp.alicinaroglu.com/public_html/udemy/html_tema/" local="131661838370000000" remote="131665377600000000" Dst="0" />
<file name="feature-module.png" server="ftp.alicinaroglu.com/public_html/udemy/html_tema/" local="131661838370000000" remote="131665377600000000" Dst="0" />
<file name="feature-responsive.png" server="ftp.alicinaroglu.com/public_html/udemy/html_tema/" local="131661838370000000" remote="131665377600000000" Dst="0" />
<file name="feature-options.png" server="ftp.alicinaroglu.com/public_html/udemy/html_tema/" local="131661838370000000" remote="131665377600000000" Dst="0" />
<file name="feature-zombie.png" server="ftp.alicinaroglu.com/public_html/udemy/html_tema/" local="131661838370000000" remote="131665377600000000" Dst="0" />
<file name="twitter_25.png" server="ftp.alicinaroglu.com/public_html/udemy/html_tema/" local="131661838370000000" remote="131665377600000000" Dst="0" />
<file name="owl-logo.png" server="ftp.alicinaroglu.com/public_html/udemy/html_tema/" local="131661838370000000" remote="131665377600000000" Dst="0" />
<file name="bird_blue_32.png" server="ftp.alicinaroglu.com/public_html/udemy/wordpress_tema/" local="131661838370000000" remote="131676554400000000" Dst="0" />
<file name="download.png" server="ftp.alicinaroglu.com/public_html/udemy/wordpress_tema/" local="131661838370000000" remote="131676554400000000" Dst="0" />
<file name="feature-drag.png" server="ftp.alicinaroglu.com/public_html/udemy/wordpress_tema/" local="131661838370000000" remote="131676554400000000" Dst="0" />
<file name="feature-modern.png" server="ftp.alicinaroglu.com/public_html/udemy/wordpress_tema/" local="131661838370000000" remote="131676554400000000" Dst="0" />
<file name="feature-module.png" server="ftp.alicinaroglu.com/public_html/udemy/wordpress_tema/" local="131661838370000000" remote="131676554400000000" Dst="0" />
<file name="feature-options.png" server="ftp.alicinaroglu.com/public_html/udemy/wordpress_tema/" local="131661838370000000" remote="131676554400000000" Dst="0" />
<file name="feature-responsive.png" server="ftp.alicinaroglu.com/public_html/udemy/wordpress_tema/" local="131661838370000000" remote="131676554400000000" Dst="0" />
<file name="feature-zombie.png" server="ftp.alicinaroglu.com/public_html/udemy/wordpress_tema/" local="131661838370000000" remote="131676554400000000" Dst="0" />
<file name="owl-logo.png" server="ftp.alicinaroglu.com/public_html/udemy/wordpress_tema/" local="131661838370000000" remote="131676554400000000" Dst="0" />
<file name="twitter_25.png" server="ftp.alicinaroglu.com/public_html/udemy/wordpress_tema/" local="131661838370000000" remote="131676554400000000" Dst="0" />
</dwsync>