<?xml version="1.0" encoding="utf-8" ?>
<dwsync>
<file name="ajax-loader.gif" server="ftp.modim.com.tr/public_html/" local="131328025920000000" remote="131441540400000000" Dst="0" />
<file name="owl.carousel.css" server="ftp.modim.com.tr/public_html/" local="131328025920000000" remote="131441540400000000" Dst="0" />
<file name="owl.carousel.min.css" server="ftp.modim.com.tr/public_html/" local="131328025920000000" remote="131441540400000000" Dst="0" />
<file name="owl.theme.default.min.css" server="ftp.modim.com.tr/public_html/" local="131328025920000000" remote="131441540400000000" Dst="0" />
<file name="owl.theme.default.css" server="ftp.modim.com.tr/public_html/" local="131328025920000000" remote="131441540400000000" Dst="0" />
<file name="owl.theme.green.css" server="ftp.modim.com.tr/public_html/" local="131328025920000000" remote="131441540400000000" Dst="0" />
<file name="owl.theme.green.min.css" server="ftp.modim.com.tr/public_html/" local="131328025920000000" remote="131441540400000000" Dst="0" />
<file name="owl.video.play.png" server="ftp.modim.com.tr/public_html/" local="131328025920000000" remote="131441540400000000" Dst="0" />
<file name="owl.carousel.css" server="ftp.temamagazasi.com/public_html/derbesitz/" local="131328025920000000" remote="131455581600000000" Dst="0" />
<file name="ajax-loader.gif" server="ftp.temamagazasi.com/public_html/derbesitz/" local="131328025920000000" remote="131455581600000000" Dst="0" />
<file name="owl.carousel.min.css" server="ftp.temamagazasi.com/public_html/derbesitz/" local="131328025920000000" remote="131455581600000000" Dst="0" />
<file name="owl.theme.default.min.css" server="ftp.temamagazasi.com/public_html/derbesitz/" local="131328025920000000" remote="131455581600000000" Dst="0" />
<file name="owl.theme.default.css" server="ftp.temamagazasi.com/public_html/derbesitz/" local="131328025920000000" remote="131455581600000000" Dst="0" />
<file name="owl.theme.green.css" server="ftp.temamagazasi.com/public_html/derbesitz/" local="131328025920000000" remote="131455581600000000" Dst="0" />
<file name="owl.theme.green.min.css" server="ftp.temamagazasi.com/public_html/derbesitz/" local="131328025920000000" remote="131455581600000000" Dst="0" />
<file name="owl.video.play.png" server="ftp.temamagazasi.com/public_html/derbesitz/" local="131328025920000000" remote="131455581600000000" Dst="0" />
<file name="ajax-loader.gif" server="109.232.216.204/public_html/" local="131475244389103287" remote="131477824200000000" Dst="0" />
<file name="owl.carousel.css" server="109.232.216.204/public_html/" local="131475244389647412" remote="131477824200000000" Dst="0" />
<file name="owl.carousel.min.css" server="109.232.216.204/public_html/" local="131475244390290744" remote="131477824200000000" Dst="0" />
<file name="owl.video.play.png" server="109.232.216.204/public_html/" local="131475244392691121" remote="131477824200000000" Dst="0" />
<file name="owl.theme.default.min.css" server="109.232.216.204/public_html/" local="131475244390860422" remote="131477824200000000" Dst="0" />
<file name="owl.theme.default.css" server="109.232.216.204/public_html/" local="131475244390591035" remote="131477824200000000" Dst="0" />
<file name="owl.theme.green.css" server="109.232.216.204/public_html/" local="131475244391285881" remote="131477824200000000" Dst="0" />
<file name="owl.theme.green.min.css" server="109.232.216.204/public_html/" local="131475244391756199" remote="131477824200000000" Dst="0" />
<file name="owl.carousel.min.css" server="ftp.flatisler.com/public_html/" local="131656786886659548" remote="131659387800000000" Dst="0" />
<file name="owl.video.play.png" server="ftp.flatisler.com/public_html/" local="131656786888206018" remote="131659387800000000" Dst="0" />
<file name="owl.theme.default.min.css" server="ftp.flatisler.com/public_html/" local="131656786887019884" remote="131659387800000000" Dst="0" />
<file name="ajax-loader.gif" server="ftp.flatisler.com/public_html/" local="131656786884902857" remote="131659387800000000" Dst="0" />
<file name="owl.theme.green.css" server="ftp.flatisler.com/public_html/" local="131656786887330176" remote="131659387800000000" Dst="0" />
<file name="owl.theme.green.min.css" server="ftp.flatisler.com/public_html/" local="131656786887450299" remote="131659387800000000" Dst="0" />
<file name="owl.theme.default.css" server="ftp.flatisler.com/public_html/" local="131656786886629510" remote="131659387800000000" Dst="0" />
<file name="owl.carousel.css" server="ftp.flatisler.com/public_html/" local="131656786886209121" remote="131659387800000000" Dst="0" />
<file name="ajax-loader.gif" server="ftp.alicinaroglu.com/public_html/" local="131661838350000000" remote="131665361400000000" Dst="0" />
<file name="owl.carousel.css" server="ftp.alicinaroglu.com/public_html/" local="131661838350000000" remote="131665361400000000" Dst="0" />
<file name="owl.theme.default.css" server="ftp.alicinaroglu.com/public_html/" local="131661838350000000" remote="131665361400000000" Dst="0" />
<file name="owl.theme.default.min.css" server="ftp.alicinaroglu.com/public_html/" local="131661838350000000" remote="131665361400000000" Dst="0" />
<file name="owl.carousel.min.css" server="ftp.alicinaroglu.com/public_html/" local="131661838350000000" remote="131665361400000000" Dst="0" />
<file name="owl.theme.green.min.css" server="ftp.alicinaroglu.com/public_html/" local="131661838350000000" remote="131665361400000000" Dst="0" />
<file name="owl.theme.green.css" server="ftp.alicinaroglu.com/public_html/" local="131661838350000000" remote="131665361400000000" Dst="0" />
<file name="owl.video.play.png" server="ftp.alicinaroglu.com/public_html/" local="131661838350000000" remote="131665361400000000" Dst="0" />
<file name="ajax-loader.gif" server="ftp.alicinaroglu.com/public_html/udemy/html_tema/" local="131661838350000000" remote="131665377600000000" Dst="0" />
<file name="owl.carousel.css" server="ftp.alicinaroglu.com/public_html/udemy/html_tema/" local="131661838350000000" remote="131665377600000000" Dst="0" />
<file name="owl.carousel.min.css" server="ftp.alicinaroglu.com/public_html/udemy/html_tema/" local="131661838350000000" remote="131665377600000000" Dst="0" />
<file name="owl.theme.default.css" server="ftp.alicinaroglu.com/public_html/udemy/html_tema/" local="131661838350000000" remote="131665377600000000" Dst="0" />
<file name="owl.theme.green.css" server="ftp.alicinaroglu.com/public_html/udemy/html_tema/" local="131661838350000000" remote="131665377600000000" Dst="0" />
<file name="owl.theme.green.min.css" server="ftp.alicinaroglu.com/public_html/udemy/html_tema/" local="131661838350000000" remote="131665377600000000" Dst="0" />
<file name="owl.theme.default.min.css" server="ftp.alicinaroglu.com/public_html/udemy/html_tema/" local="131661838350000000" remote="131665377600000000" Dst="0" />
<file name="owl.video.play.png" server="ftp.alicinaroglu.com/public_html/udemy/html_tema/" local="131661838350000000" remote="131665377600000000" Dst="0" />
<file name="ajax-loader.gif" server="ftp.alicinaroglu.com/public_html/udemy/wordpress_tema/" local="131661838350000000" remote="131676554400000000" Dst="0" />
<file name="owl.carousel.css" server="ftp.alicinaroglu.com/public_html/udemy/wordpress_tema/" local="131661838350000000" remote="131676554400000000" Dst="0" />
<file name="owl.carousel.min.css" server="ftp.alicinaroglu.com/public_html/udemy/wordpress_tema/" local="131661838350000000" remote="131676554400000000" Dst="0" />
<file name="owl.theme.default.css" server="ftp.alicinaroglu.com/public_html/udemy/wordpress_tema/" local="131661838350000000" remote="131676554400000000" Dst="0" />
<file name="owl.theme.default.min.css" server="ftp.alicinaroglu.com/public_html/udemy/wordpress_tema/" local="131661838350000000" remote="131676554400000000" Dst="0" />
<file name="owl.theme.green.css" server="ftp.alicinaroglu.com/public_html/udemy/wordpress_tema/" local="131661838350000000" remote="131676554400000000" Dst="0" />
<file name="owl.theme.green.min.css" server="ftp.alicinaroglu.com/public_html/udemy/wordpress_tema/" local="131661838350000000" remote="131676554400000000" Dst="0" />
<file name="owl.video.play.png" server="ftp.alicinaroglu.com/public_html/udemy/wordpress_tema/" local="131661838350000000" remote="131676554400000000" Dst="0" />
</dwsync>