<?xml version="1.0" encoding="utf-8" ?>
<dwsync>
<file name="fa-brands.css" server="ftp.alicinaroglu.com/public_html/" local="131665352129930738" remote="131665360800000000" Dst="0" />
<file name="fa-brands.less" server="ftp.alicinaroglu.com/public_html/" local="131644026500000000" remote="131665360800000000" Dst="0" />
<file name="fa-regular.css" server="ftp.alicinaroglu.com/public_html/" local="131665352129930738" remote="131665360800000000" Dst="0" />
<file name="fa-regular.less" server="ftp.alicinaroglu.com/public_html/" local="131644026500000000" remote="131665360800000000" Dst="0" />
<file name="fa-solid.css" server="ftp.alicinaroglu.com/public_html/" local="131665352130501280" remote="131665360800000000" Dst="0" />
<file name="fa-solid.less" server="ftp.alicinaroglu.com/public_html/" local="131644026500000000" remote="131665360800000000" Dst="0" />
<file name="fontawesome.css" server="ftp.alicinaroglu.com/public_html/" local="131665352264884320" remote="131665360800000000" Dst="0" />
<file name="_animated.less" server="ftp.alicinaroglu.com/public_html/" local="131644026500000000" remote="131665360800000000" Dst="0" />
<file name="fontawesome.less" server="ftp.alicinaroglu.com/public_html/" local="131644026500000000" remote="131665360800000000" Dst="0" />
<file name="_bordered-pulled.less" server="ftp.alicinaroglu.com/public_html/" local="131644026500000000" remote="131665360800000000" Dst="0" />
<file name="_core.less" server="ftp.alicinaroglu.com/public_html/" local="131644026500000000" remote="131665360800000000" Dst="0" />
<file name="_fixed-width.less" server="ftp.alicinaroglu.com/public_html/" local="131644026500000000" remote="131665360800000000" Dst="0" />
<file name="_list.less" server="ftp.alicinaroglu.com/public_html/" local="131644026500000000" remote="131665360800000000" Dst="0" />
<file name="_larger.less" server="ftp.alicinaroglu.com/public_html/" local="131644026500000000" remote="131665360800000000" Dst="0" />
<file name="_icons.less" server="ftp.alicinaroglu.com/public_html/" local="131644026500000000" remote="131665360800000000" Dst="0" />
<file name="_mixins.less" server="ftp.alicinaroglu.com/public_html/" local="131644026500000000" remote="131665360800000000" Dst="0" />
<file name="_rotated-flipped.less" server="ftp.alicinaroglu.com/public_html/" local="131644026500000000" remote="131665360800000000" Dst="0" />
<file name="_screen-reader.less" server="ftp.alicinaroglu.com/public_html/" local="131644026500000000" remote="131665360800000000" Dst="0" />
<file name="_stacked.less" server="ftp.alicinaroglu.com/public_html/" local="131644026500000000" remote="131665360800000000" Dst="0" />
<file name="_variables.less" server="ftp.alicinaroglu.com/public_html/" local="131644026500000000" remote="131665360800000000" Dst="0" />
<file name="fa-brands.css" server="ftp.alicinaroglu.com/public_html/udemy/html_tema/" local="131665352129930738" remote="131665377600000000" Dst="0" />
<file name="fa-brands.less" server="ftp.alicinaroglu.com/public_html/udemy/html_tema/" local="131644026500000000" remote="131665377600000000" Dst="0" />
<file name="fa-regular.css" server="ftp.alicinaroglu.com/public_html/udemy/html_tema/" local="131665352129930738" remote="131665377600000000" Dst="0" />
<file name="fa-regular.less" server="ftp.alicinaroglu.com/public_html/udemy/html_tema/" local="131644026500000000" remote="131665377600000000" Dst="0" />
<file name="fa-solid.less" server="ftp.alicinaroglu.com/public_html/udemy/html_tema/" local="131644026500000000" remote="131665377600000000" Dst="0" />
<file name="fa-solid.css" server="ftp.alicinaroglu.com/public_html/udemy/html_tema/" local="131665352130501280" remote="131665377600000000" Dst="0" />
<file name="fontawesome.less" server="ftp.alicinaroglu.com/public_html/udemy/html_tema/" local="131644026500000000" remote="131665377600000000" Dst="0" />
<file name="_animated.less" server="ftp.alicinaroglu.com/public_html/udemy/html_tema/" local="131644026500000000" remote="131665377600000000" Dst="0" />
<file name="fontawesome.css" server="ftp.alicinaroglu.com/public_html/udemy/html_tema/" local="131665352264884320" remote="131665377600000000" Dst="0" />
<file name="_core.less" server="ftp.alicinaroglu.com/public_html/udemy/html_tema/" local="131644026500000000" remote="131665377600000000" Dst="0" />
<file name="_bordered-pulled.less" server="ftp.alicinaroglu.com/public_html/udemy/html_tema/" local="131644026500000000" remote="131665377600000000" Dst="0" />
<file name="_fixed-width.less" server="ftp.alicinaroglu.com/public_html/udemy/html_tema/" local="131644026500000000" remote="131665377600000000" Dst="0" />
<file name="_icons.less" server="ftp.alicinaroglu.com/public_html/udemy/html_tema/" local="131644026500000000" remote="131665377600000000" Dst="0" />
<file name="_larger.less" server="ftp.alicinaroglu.com/public_html/udemy/html_tema/" local="131644026500000000" remote="131665377600000000" Dst="0" />
<file name="_list.less" server="ftp.alicinaroglu.com/public_html/udemy/html_tema/" local="131644026500000000" remote="131665377600000000" Dst="0" />
<file name="_mixins.less" server="ftp.alicinaroglu.com/public_html/udemy/html_tema/" local="131644026500000000" remote="131665377600000000" Dst="0" />
<file name="_rotated-flipped.less" server="ftp.alicinaroglu.com/public_html/udemy/html_tema/" local="131644026500000000" remote="131665377600000000" Dst="0" />
<file name="_stacked.less" server="ftp.alicinaroglu.com/public_html/udemy/html_tema/" local="131644026500000000" remote="131665377600000000" Dst="0" />
<file name="_screen-reader.less" server="ftp.alicinaroglu.com/public_html/udemy/html_tema/" local="131644026500000000" remote="131665377600000000" Dst="0" />
<file name="_variables.less" server="ftp.alicinaroglu.com/public_html/udemy/html_tema/" local="131644026500000000" remote="131665377600000000" Dst="0" />
<file name="fa-brands.css" server="ftp.alicinaroglu.com/public_html/udemy/wordpress_tema/" local="131676496279563963" remote="131676554400000000" Dst="0" />
<file name="fa-regular.css" server="ftp.alicinaroglu.com/public_html/udemy/wordpress_tema/" local="131676496279553957" remote="131676554400000000" Dst="0" />
<file name="fa-brands.less" server="ftp.alicinaroglu.com/public_html/udemy/wordpress_tema/" local="131644026500000000" remote="131676554400000000" Dst="0" />
<file name="fa-regular.less" server="ftp.alicinaroglu.com/public_html/udemy/wordpress_tema/" local="131644026500000000" remote="131676554400000000" Dst="0" />
<file name="fa-solid.css" server="ftp.alicinaroglu.com/public_html/udemy/wordpress_tema/" local="131676496279513925" remote="131676554400000000" Dst="0" />
<file name="fa-solid.less" server="ftp.alicinaroglu.com/public_html/udemy/wordpress_tema/" local="131644026500000000" remote="131676554400000000" Dst="0" />
<file name="fontawesome.less" server="ftp.alicinaroglu.com/public_html/udemy/wordpress_tema/" local="131644026500000000" remote="131676554400000000" Dst="0" />
<file name="_animated.less" server="ftp.alicinaroglu.com/public_html/udemy/wordpress_tema/" local="131644026500000000" remote="131676554400000000" Dst="0" />
<file name="fontawesome.css" server="ftp.alicinaroglu.com/public_html/udemy/wordpress_tema/" local="131676496279654049" remote="131676554400000000" Dst="0" />
<file name="_bordered-pulled.less" server="ftp.alicinaroglu.com/public_html/udemy/wordpress_tema/" local="131644026500000000" remote="131676554400000000" Dst="0" />
<file name="_fixed-width.less" server="ftp.alicinaroglu.com/public_html/udemy/wordpress_tema/" local="131644026500000000" remote="131676554400000000" Dst="0" />
<file name="_core.less" server="ftp.alicinaroglu.com/public_html/udemy/wordpress_tema/" local="131644026500000000" remote="131676554400000000" Dst="0" />
<file name="_icons.less" server="ftp.alicinaroglu.com/public_html/udemy/wordpress_tema/" local="131644026500000000" remote="131676554400000000" Dst="0" />
<file name="_larger.less" server="ftp.alicinaroglu.com/public_html/udemy/wordpress_tema/" local="131644026500000000" remote="131676554400000000" Dst="0" />
<file name="_list.less" server="ftp.alicinaroglu.com/public_html/udemy/wordpress_tema/" local="131644026500000000" remote="131676554400000000" Dst="0" />
<file name="_rotated-flipped.less" server="ftp.alicinaroglu.com/public_html/udemy/wordpress_tema/" local="131644026500000000" remote="131676554400000000" Dst="0" />
<file name="_screen-reader.less" server="ftp.alicinaroglu.com/public_html/udemy/wordpress_tema/" local="131644026500000000" remote="131676554400000000" Dst="0" />
<file name="_mixins.less" server="ftp.alicinaroglu.com/public_html/udemy/wordpress_tema/" local="131644026500000000" remote="131676554400000000" Dst="0" />
<file name="_stacked.less" server="ftp.alicinaroglu.com/public_html/udemy/wordpress_tema/" local="131644026500000000" remote="131676554400000000" Dst="0" />
<file name="_variables.less" server="ftp.alicinaroglu.com/public_html/udemy/wordpress_tema/" local="131644026500000000" remote="131676554400000000" Dst="0" />
</dwsync>