<?xml version="1.0" encoding="utf-8" ?>
<dwsync>
<file name="classes.json" server="ftp.modim.com.tr/public_html/" local="131328025920000000" remote="131441540400000000" Dst="0" />
<file name="events.json" server="ftp.modim.com.tr/public_html/" local="131328025920000000" remote="131441540400000000" Dst="0" />
<file name="features.json" server="ftp.modim.com.tr/public_html/" local="131328025920000000" remote="131441540400000000" Dst="0" />
<file name="options.json" server="ftp.modim.com.tr/public_html/" local="131328025920000000" remote="131441540400000000" Dst="0" />
<file name="classes.json" server="ftp.temamagazasi.com/public_html/derbesitz/" local="131328025920000000" remote="131455581600000000" Dst="0" />
<file name="events.json" server="ftp.temamagazasi.com/public_html/derbesitz/" local="131328025920000000" remote="131455581600000000" Dst="0" />
<file name="features.json" server="ftp.temamagazasi.com/public_html/derbesitz/" local="131328025920000000" remote="131455581600000000" Dst="0" />
<file name="options.json" server="ftp.temamagazasi.com/public_html/derbesitz/" local="131328025920000000" remote="131455581600000000" Dst="0" />
<file name="classes.json" server="109.232.216.204/public_html/" local="131475244429878297" remote="131477824200000000" Dst="0" />
<file name="events.json" server="109.232.216.204/public_html/" local="131475244430063473" remote="131477824200000000" Dst="0" />
<file name="features.json" server="109.232.216.204/public_html/" local="131475244430513905" remote="131477824200000000" Dst="0" />
<file name="options.json" server="109.232.216.204/public_html/" local="131475244430904276" remote="131477824200000000" Dst="0" />
<file name="features.json" server="ftp.flatisler.com/public_html/" local="131656786910345666" remote="131659387800000000" Dst="0" />
<file name="events.json" server="ftp.flatisler.com/public_html/" local="131656786910109205" remote="131659387800000000" Dst="0" />
<file name="options.json" server="ftp.flatisler.com/public_html/" local="131656786910630846" remote="131659387800000000" Dst="0" />
<file name="classes.json" server="ftp.flatisler.com/public_html/" local="131656786909717643" remote="131659387800000000" Dst="0" />
<file name="classes.json" server="ftp.alicinaroglu.com/public_html/" local="131661838380000000" remote="131665361400000000" Dst="0" />
<file name="events.json" server="ftp.alicinaroglu.com/public_html/" local="131661838380000000" remote="131665361400000000" Dst="0" />
<file name="features.json" server="ftp.alicinaroglu.com/public_html/" local="131661838380000000" remote="131665361400000000" Dst="0" />
<file name="options.json" server="ftp.alicinaroglu.com/public_html/" local="131661838380000000" remote="131665361400000000" Dst="0" />
<file name="classes.json" server="ftp.alicinaroglu.com/public_html/udemy/html_tema/" local="131661838380000000" remote="131665377600000000" Dst="0" />
<file name="features.json" server="ftp.alicinaroglu.com/public_html/udemy/html_tema/" local="131661838380000000" remote="131665377600000000" Dst="0" />
<file name="events.json" server="ftp.alicinaroglu.com/public_html/udemy/html_tema/" local="131661838380000000" remote="131665377600000000" Dst="0" />
<file name="options.json" server="ftp.alicinaroglu.com/public_html/udemy/html_tema/" local="131661838380000000" remote="131665377600000000" Dst="0" />
<file name="classes.json" server="ftp.alicinaroglu.com/public_html/udemy/wordpress_tema/" local="131661838380000000" remote="131676554400000000" Dst="0" />
<file name="events.json" server="ftp.alicinaroglu.com/public_html/udemy/wordpress_tema/" local="131661838380000000" remote="131676554400000000" Dst="0" />
<file name="features.json" server="ftp.alicinaroglu.com/public_html/udemy/wordpress_tema/" local="131661838380000000" remote="131676554400000000" Dst="0" />
<file name="options.json" server="ftp.alicinaroglu.com/public_html/udemy/wordpress_tema/" local="131661838380000000" remote="131676554400000000" Dst="0" />
</dwsync>