<?xml version="1.0" encoding="utf-8" ?>
<dwsync>
<file name="bootstrap-grid.css" server="ftp.alicinaroglu.com/public_html/" local="131607272000000000" remote="131665360800000000" Dst="0" />
<file name="bootstrap-grid.css.map" server="ftp.alicinaroglu.com/public_html/" local="131607272000000000" remote="131665360800000000" Dst="0" />
<file name="bootstrap-grid.min.css" server="ftp.alicinaroglu.com/public_html/" local="131607272120000000" remote="131665360800000000" Dst="0" />
<file name="bootstrap-reboot.css" server="ftp.alicinaroglu.com/public_html/" local="131607272000000000" remote="131665360800000000" Dst="0" />
<file name="bootstrap-grid.min.css.map" server="ftp.alicinaroglu.com/public_html/" local="131607272120000000" remote="131665360800000000" Dst="0" />
<file name="bootstrap-reboot.css.map" server="ftp.alicinaroglu.com/public_html/" local="131607272000000000" remote="131665360800000000" Dst="0" />
<file name="bootstrap-reboot.min.css" server="ftp.alicinaroglu.com/public_html/" local="131607272120000000" remote="131665360800000000" Dst="0" />
<file name="bootstrap-reboot.min.css.map" server="ftp.alicinaroglu.com/public_html/" local="131607272120000000" remote="131665360800000000" Dst="0" />
<file name="bootstrap.css" server="ftp.alicinaroglu.com/public_html/" local="131607272000000000" remote="131665360800000000" Dst="0" />
<file name="bootstrap.min.css" server="ftp.alicinaroglu.com/public_html/" local="131607272100000000" remote="131665360800000000" Dst="0" />
<file name="bootstrap.css.map" server="ftp.alicinaroglu.com/public_html/" local="131607272020000000" remote="131665360800000000" Dst="0" />
<file name="bootstrap.min.css.map" server="ftp.alicinaroglu.com/public_html/" local="131607272100000000" remote="131665360800000000" Dst="0" />
<file name="bootstrap-grid.css" server="ftp.alicinaroglu.com/public_html/udemy/html_tema/" local="131607272000000000" remote="131665377000000000" Dst="0" />
<file name="bootstrap-grid.css.map" server="ftp.alicinaroglu.com/public_html/udemy/html_tema/" local="131607272000000000" remote="131665377000000000" Dst="0" />
<file name="bootstrap-grid.min.css" server="ftp.alicinaroglu.com/public_html/udemy/html_tema/" local="131607272120000000" remote="131665377000000000" Dst="0" />
<file name="bootstrap-reboot.css.map" server="ftp.alicinaroglu.com/public_html/udemy/html_tema/" local="131607272000000000" remote="131665377000000000" Dst="0" />
<file name="bootstrap-grid.min.css.map" server="ftp.alicinaroglu.com/public_html/udemy/html_tema/" local="131607272120000000" remote="131665377000000000" Dst="0" />
<file name="bootstrap-reboot.css" server="ftp.alicinaroglu.com/public_html/udemy/html_tema/" local="131607272000000000" remote="131665377000000000" Dst="0" />
<file name="bootstrap-reboot.min.css" server="ftp.alicinaroglu.com/public_html/udemy/html_tema/" local="131607272120000000" remote="131665377000000000" Dst="0" />
<file name="bootstrap-reboot.min.css.map" server="ftp.alicinaroglu.com/public_html/udemy/html_tema/" local="131607272120000000" remote="131665377000000000" Dst="0" />
<file name="bootstrap.css" server="ftp.alicinaroglu.com/public_html/udemy/html_tema/" local="131607272000000000" remote="131665377000000000" Dst="0" />
<file name="bootstrap.min.css" server="ftp.alicinaroglu.com/public_html/udemy/html_tema/" local="131665385997684007" remote="131665386000000000" Dst="0" />
<file name="bootstrap.css.map" server="ftp.alicinaroglu.com/public_html/udemy/html_tema/" local="131607272020000000" remote="131665377600000000" Dst="0" />
<file name="bootstrap.min.css.map" server="ftp.alicinaroglu.com/public_html/udemy/html_tema/" local="131607272100000000" remote="131665377600000000" Dst="0" />
<file name="bootstrap-grid.css" server="ftp.alicinaroglu.com/public_html/udemy/wordpress_tema/" local="131607272000000000" remote="131676554400000000" Dst="0" />
<file name="bootstrap-grid.css.map" server="ftp.alicinaroglu.com/public_html/udemy/wordpress_tema/" local="131607272000000000" remote="131676554400000000" Dst="0" />
<file name="bootstrap-grid.min.css" server="ftp.alicinaroglu.com/public_html/udemy/wordpress_tema/" local="131607272120000000" remote="131676554400000000" Dst="0" />
<file name="bootstrap-reboot.css" server="ftp.alicinaroglu.com/public_html/udemy/wordpress_tema/" local="131607272000000000" remote="131676554400000000" Dst="0" />
<file name="bootstrap-grid.min.css.map" server="ftp.alicinaroglu.com/public_html/udemy/wordpress_tema/" local="131607272120000000" remote="131676554400000000" Dst="0" />
<file name="bootstrap-reboot.css.map" server="ftp.alicinaroglu.com/public_html/udemy/wordpress_tema/" local="131607272000000000" remote="131676554400000000" Dst="0" />
<file name="bootstrap-reboot.min.css" server="ftp.alicinaroglu.com/public_html/udemy/wordpress_tema/" local="131607272120000000" remote="131676554400000000" Dst="0" />
<file name="bootstrap-reboot.min.css.map" server="ftp.alicinaroglu.com/public_html/udemy/wordpress_tema/" local="131607272120000000" remote="131676554400000000" Dst="0" />
<file name="bootstrap.css" server="ftp.alicinaroglu.com/public_html/udemy/wordpress_tema/" local="131607272000000000" remote="131676554400000000" Dst="0" />
<file name="bootstrap.min.css" server="ftp.alicinaroglu.com/public_html/udemy/wordpress_tema/" local="131665385990000000" remote="131676554400000000" Dst="0" />
<file name="bootstrap.css.map" server="ftp.alicinaroglu.com/public_html/udemy/wordpress_tema/" local="131607272020000000" remote="131676554400000000" Dst="0" />
<file name="bootstrap.min.css.map" server="ftp.alicinaroglu.com/public_html/udemy/wordpress_tema/" local="131607272100000000" remote="131676554400000000" Dst="0" />
</dwsync>