<?xml version="1.0" encoding="utf-8" ?>
<dwsync>
<file name="bird_blue_32.png" server="ftp.modim.com.tr/public_html/" local="131328025920000000" remote="131441540400000000" Dst="0" />
<file name="feature-drag.png" server="ftp.modim.com.tr/public_html/" local="131328025920000000" remote="131441540400000000" Dst="0" />
<file name="download.png" server="ftp.modim.com.tr/public_html/" local="131328025920000000" remote="131441540400000000" Dst="0" />
<file name="feature-modern.png" server="ftp.modim.com.tr/public_html/" local="131328025920000000" remote="131441540400000000" Dst="0" />
<file name="feature-module.png" server="ftp.modim.com.tr/public_html/" local="131328025920000000" remote="131441540400000000" Dst="0" />
<file name="feature-options.png" server="ftp.modim.com.tr/public_html/" local="131328025920000000" remote="131441540400000000" Dst="0" />
<file name="feature-zombie.png" server="ftp.modim.com.tr/public_html/" local="131328025920000000" remote="131441540400000000" Dst="0" />
<file name="owl-logo.png" server="ftp.modim.com.tr/public_html/" local="131328025920000000" remote="131441540400000000" Dst="0" />
<file name="feature-responsive.png" server="ftp.modim.com.tr/public_html/" local="131328025920000000" remote="131441540400000000" Dst="0" />
<file name="twitter_25.png" server="ftp.modim.com.tr/public_html/" local="131328025920000000" remote="131441540400000000" Dst="0" />
<file name="bird_blue_32.png" server="ftp.temamagazasi.com/public_html/derbesitz/" local="131328025920000000" remote="131455581600000000" Dst="0" />
<file name="download.png" server="ftp.temamagazasi.com/public_html/derbesitz/" local="131328025920000000" remote="131455581600000000" Dst="0" />
<file name="feature-drag.png" server="ftp.temamagazasi.com/public_html/derbesitz/" local="131328025920000000" remote="131455581600000000" Dst="0" />
<file name="feature-modern.png" server="ftp.temamagazasi.com/public_html/derbesitz/" local="131328025920000000" remote="131455581600000000" Dst="0" />
<file name="feature-module.png" server="ftp.temamagazasi.com/public_html/derbesitz/" local="131328025920000000" remote="131455581600000000" Dst="0" />
<file name="feature-options.png" server="ftp.temamagazasi.com/public_html/derbesitz/" local="131328025920000000" remote="131455581600000000" Dst="0" />
<file name="feature-responsive.png" server="ftp.temamagazasi.com/public_html/derbesitz/" local="131328025920000000" remote="131455581600000000" Dst="0" />
<file name="feature-zombie.png" server="ftp.temamagazasi.com/public_html/derbesitz/" local="131328025920000000" remote="131455581600000000" Dst="0" />
<file name="owl-logo.png" server="ftp.temamagazasi.com/public_html/derbesitz/" local="131328025920000000" remote="131455581600000000" Dst="0" />
<file name="twitter_25.png" server="ftp.temamagazasi.com/public_html/derbesitz/" local="131328025920000000" remote="131455581600000000" Dst="0" />
<file name="twitter_25.png" server="109.232.216.204/public_html/" local="131475244386265535" remote="131477824200000000" Dst="0" />
<file name="download.png" server="109.232.216.204/public_html/" local="131475244384773428" remote="131477824200000000" Dst="0" />
<file name="bird_blue_32.png" server="109.232.216.204/public_html/" local="131475244384728501" remote="131477824200000000" Dst="0" />
<file name="feature-drag.png" server="109.232.216.204/public_html/" local="131475244384943665" remote="131477824200000000" Dst="0" />
<file name="feature-modern.png" server="109.232.216.204/public_html/" local="131475244385118830" remote="131477824200000000" Dst="0" />
<file name="feature-options.png" server="109.232.216.204/public_html/" local="131475244385223933" remote="131477824200000000" Dst="0" />
<file name="feature-responsive.png" server="109.232.216.204/public_html/" local="131475244385505634" remote="131477824200000000" Dst="0" />
<file name="feature-module.png" server="109.232.216.204/public_html/" local="131475244385173889" remote="131477824200000000" Dst="0" />
<file name="feature-zombie.png" server="109.232.216.204/public_html/" local="131475244385560687" remote="131477824200000000" Dst="0" />
<file name="owl-logo.png" server="109.232.216.204/public_html/" local="131475244386072272" remote="131477824200000000" Dst="0" />
<file name="download.png" server="ftp.flatisler.com/public_html/" local="131656786882170248" remote="131659387800000000" Dst="0" />
<file name="twitter_25.png" server="ftp.flatisler.com/public_html/" local="131656786883661673" remote="131659387800000000" Dst="0" />
<file name="feature-options.png" server="ftp.flatisler.com/public_html/" local="131656786882945990" remote="131659387800000000" Dst="0" />
<file name="owl-logo.png" server="ftp.flatisler.com/public_html/" local="131656786883486505" remote="131659387800000000" Dst="0" />
<file name="feature-drag.png" server="ftp.flatisler.com/public_html/" local="131656786882390460" remote="131659387800000000" Dst="0" />
<file name="feature-responsive.png" server="ftp.flatisler.com/public_html/" local="131656786883101137" remote="131659387800000000" Dst="0" />
<file name="feature-modern.png" server="ftp.flatisler.com/public_html/" local="131656786882705757" remote="131659387800000000" Dst="0" />
<file name="feature-zombie.png" server="ftp.flatisler.com/public_html/" local="131656786883181214" remote="131659387800000000" Dst="0" />
<file name="feature-module.png" server="ftp.flatisler.com/public_html/" local="131656786882615672" remote="131659387800000000" Dst="0" />
<file name="bird_blue_32.png" server="ftp.flatisler.com/public_html/" local="131656786881519623" remote="131659387800000000" Dst="0" />
<file name="bird_blue_32.png" server="ftp.alicinaroglu.com/public_html/" local="131661838350000000" remote="131665361400000000" Dst="0" />
<file name="download.png" server="ftp.alicinaroglu.com/public_html/" local="131661838350000000" remote="131665361400000000" Dst="0" />
<file name="feature-drag.png" server="ftp.alicinaroglu.com/public_html/" local="131661838350000000" remote="131665361400000000" Dst="0" />
<file name="feature-modern.png" server="ftp.alicinaroglu.com/public_html/" local="131661838350000000" remote="131665361400000000" Dst="0" />
<file name="feature-module.png" server="ftp.alicinaroglu.com/public_html/" local="131661838350000000" remote="131665361400000000" Dst="0" />
<file name="feature-options.png" server="ftp.alicinaroglu.com/public_html/" local="131661838350000000" remote="131665361400000000" Dst="0" />
<file name="feature-responsive.png" server="ftp.alicinaroglu.com/public_html/" local="131661838350000000" remote="131665361400000000" Dst="0" />
<file name="feature-zombie.png" server="ftp.alicinaroglu.com/public_html/" local="131661838350000000" remote="131665361400000000" Dst="0" />
<file name="owl-logo.png" server="ftp.alicinaroglu.com/public_html/" local="131661838350000000" remote="131665361400000000" Dst="0" />
<file name="twitter_25.png" server="ftp.alicinaroglu.com/public_html/" local="131661838350000000" remote="131665361400000000" Dst="0" />
<file name="bird_blue_32.png" server="ftp.alicinaroglu.com/public_html/udemy/html_tema/" local="131661838350000000" remote="131665377600000000" Dst="0" />
<file name="download.png" server="ftp.alicinaroglu.com/public_html/udemy/html_tema/" local="131661838350000000" remote="131665377600000000" Dst="0" />
<file name="feature-drag.png" server="ftp.alicinaroglu.com/public_html/udemy/html_tema/" local="131661838350000000" remote="131665377600000000" Dst="0" />
<file name="feature-module.png" server="ftp.alicinaroglu.com/public_html/udemy/html_tema/" local="131661838350000000" remote="131665377600000000" Dst="0" />
<file name="feature-modern.png" server="ftp.alicinaroglu.com/public_html/udemy/html_tema/" local="131661838350000000" remote="131665377600000000" Dst="0" />
<file name="feature-responsive.png" server="ftp.alicinaroglu.com/public_html/udemy/html_tema/" local="131661838350000000" remote="131665377600000000" Dst="0" />
<file name="feature-options.png" server="ftp.alicinaroglu.com/public_html/udemy/html_tema/" local="131661838350000000" remote="131665377600000000" Dst="0" />
<file name="feature-zombie.png" server="ftp.alicinaroglu.com/public_html/udemy/html_tema/" local="131661838350000000" remote="131665377600000000" Dst="0" />
<file name="twitter_25.png" server="ftp.alicinaroglu.com/public_html/udemy/html_tema/" local="131661838350000000" remote="131665377600000000" Dst="0" />
<file name="owl-logo.png" server="ftp.alicinaroglu.com/public_html/udemy/html_tema/" local="131661838350000000" remote="131665377600000000" Dst="0" />
<file name="bird_blue_32.png" server="ftp.alicinaroglu.com/public_html/udemy/wordpress_tema/" local="131661838350000000" remote="131676554400000000" Dst="0" />
<file name="download.png" server="ftp.alicinaroglu.com/public_html/udemy/wordpress_tema/" local="131661838350000000" remote="131676554400000000" Dst="0" />
<file name="feature-drag.png" server="ftp.alicinaroglu.com/public_html/udemy/wordpress_tema/" local="131661838350000000" remote="131676554400000000" Dst="0" />
<file name="feature-modern.png" server="ftp.alicinaroglu.com/public_html/udemy/wordpress_tema/" local="131661838350000000" remote="131676554400000000" Dst="0" />
<file name="feature-module.png" server="ftp.alicinaroglu.com/public_html/udemy/wordpress_tema/" local="131661838350000000" remote="131676554400000000" Dst="0" />
<file name="feature-options.png" server="ftp.alicinaroglu.com/public_html/udemy/wordpress_tema/" local="131661838350000000" remote="131676554400000000" Dst="0" />
<file name="feature-responsive.png" server="ftp.alicinaroglu.com/public_html/udemy/wordpress_tema/" local="131661838350000000" remote="131676554400000000" Dst="0" />
<file name="feature-zombie.png" server="ftp.alicinaroglu.com/public_html/udemy/wordpress_tema/" local="131661838350000000" remote="131676554400000000" Dst="0" />
<file name="owl-logo.png" server="ftp.alicinaroglu.com/public_html/udemy/wordpress_tema/" local="131661838350000000" remote="131676554400000000" Dst="0" />
<file name="twitter_25.png" server="ftp.alicinaroglu.com/public_html/udemy/wordpress_tema/" local="131661838350000000" remote="131676554400000000" Dst="0" />
</dwsync>