<?xml version="1.0" encoding="utf-8" ?>
<dwsync>
<file name="index.html" server="ftp.alicinaroglu.com/public_html/" local="131665374868929866" remote="131665374600000000" Dst="0" />
<file name="index.html" server="ftp.alicinaroglu.com/public_html/udemy/html_tema/" local="131667129144928723" remote="131667129000000000" Dst="0" />
<file name="hakkimizda.html" server="ftp.alicinaroglu.com/public_html/udemy/html_tema/" local="131667129992996180" remote="131667129600000000" Dst="0" />
<file name="hizmetlerimiz.html" server="ftp.alicinaroglu.com/public_html/udemy/html_tema/" local="131667129141630375" remote="131667129000000000" Dst="0" />
<file name="hizmet-detay.html" server="ftp.alicinaroglu.com/public_html/udemy/html_tema/" local="131667129138447331" remote="131667129000000000" Dst="0" />
<file name="referanslarimiz.html" server="ftp.alicinaroglu.com/public_html/udemy/html_tema/" local="131667129148657297" remote="131667129000000000" Dst="0" />
<file name="haberler.html" server="ftp.alicinaroglu.com/public_html/udemy/html_tema/" local="131667129128838047" remote="131667129000000000" Dst="0" />
<file name="haber-detay.html" server="ftp.alicinaroglu.com/public_html/udemy/html_tema/" local="131667129123002549" remote="131667129000000000" Dst="0" />
<file name="bize-ulasin.html" server="ftp.alicinaroglu.com/public_html/udemy/html_tema/" local="131667131599930793" remote="131667131400000000" Dst="0" />
<file name="bize-ulasin.html" server="ftp.alicinaroglu.com/public_html/udemy/wordpress_tema/" local="131667131599930793" remote="131676554400000000" Dst="0" />
<file name="haber-detay.html" server="ftp.alicinaroglu.com/public_html/udemy/wordpress_tema/" local="131667129123002549" remote="131676554400000000" Dst="0" />
<file name="hakkimizda.html" server="ftp.alicinaroglu.com/public_html/udemy/wordpress_tema/" local="131667129992996180" remote="131676554400000000" Dst="0" />
<file name="hizmet-detay.html" server="ftp.alicinaroglu.com/public_html/udemy/wordpress_tema/" local="131667129138447331" remote="131676554400000000" Dst="0" />
<file name="hizmetlerimiz.html" server="ftp.alicinaroglu.com/public_html/udemy/wordpress_tema/" local="131667129141630375" remote="131676554400000000" Dst="0" />
<file name="haberler.html" server="ftp.alicinaroglu.com/public_html/udemy/wordpress_tema/" local="131667129128838047" remote="131676554400000000" Dst="0" />
<file name="index.html" server="ftp.alicinaroglu.com/public_html/udemy/wordpress_tema/" local="131676490464170697" remote="131676554400000000" Dst="0" />
<file name="referanslarimiz.html" server="ftp.alicinaroglu.com/public_html/udemy/wordpress_tema/" local="131667129148657297" remote="131676554400000000" Dst="0" />
</dwsync>