<?xml version="1.0" encoding="utf-8" ?>
<dwsync>
<file name=".jscsrc" server="ftp.modim.com.tr/public_html/" local="131328025920000000" remote="131441540400000000" Dst="0" />
<file name=".jshintrc" server="ftp.modim.com.tr/public_html/" local="131328025920000000" remote="131441540400000000" Dst="0" />
<file name="owl.animate.js" server="ftp.modim.com.tr/public_html/" local="131328025920000000" remote="131441540400000000" Dst="0" />
<file name="owl.autoheight.js" server="ftp.modim.com.tr/public_html/" local="131328025920000000" remote="131441540400000000" Dst="0" />
<file name="owl.autoplay.js" server="ftp.modim.com.tr/public_html/" local="131328025920000000" remote="131441540400000000" Dst="0" />
<file name="owl.autorefresh.js" server="ftp.modim.com.tr/public_html/" local="131328025920000000" remote="131441540400000000" Dst="0" />
<file name="owl.carousel.js" server="ftp.modim.com.tr/public_html/" local="131328025920000000" remote="131441540400000000" Dst="0" />
<file name="owl.hash.js" server="ftp.modim.com.tr/public_html/" local="131328025920000000" remote="131441540400000000" Dst="0" />
<file name="owl.lazyload.js" server="ftp.modim.com.tr/public_html/" local="131328025920000000" remote="131441540400000000" Dst="0" />
<file name="owl.navigation.js" server="ftp.modim.com.tr/public_html/" local="131328025920000000" remote="131441540400000000" Dst="0" />
<file name="owl.support.js" server="ftp.modim.com.tr/public_html/" local="131328025920000000" remote="131441540400000000" Dst="0" />
<file name="owl.support.modernizr.js" server="ftp.modim.com.tr/public_html/" local="131328025920000000" remote="131441540400000000" Dst="0" />
<file name="owl.video.js" server="ftp.modim.com.tr/public_html/" local="131328025920000000" remote="131441540400000000" Dst="0" />
<file name=".jscsrc" server="ftp.temamagazasi.com/public_html/derbesitz/" local="131328025920000000" remote="131455581600000000" Dst="0" />
<file name=".jshintrc" server="ftp.temamagazasi.com/public_html/derbesitz/" local="131328025920000000" remote="131455581600000000" Dst="0" />
<file name="owl.animate.js" server="ftp.temamagazasi.com/public_html/derbesitz/" local="131328025920000000" remote="131455581600000000" Dst="0" />
<file name="owl.autoheight.js" server="ftp.temamagazasi.com/public_html/derbesitz/" local="131328025920000000" remote="131455581600000000" Dst="0" />
<file name="owl.autoplay.js" server="ftp.temamagazasi.com/public_html/derbesitz/" local="131328025920000000" remote="131455581600000000" Dst="0" />
<file name="owl.autorefresh.js" server="ftp.temamagazasi.com/public_html/derbesitz/" local="131328025920000000" remote="131455581600000000" Dst="0" />
<file name="owl.hash.js" server="ftp.temamagazasi.com/public_html/derbesitz/" local="131328025920000000" remote="131455581600000000" Dst="0" />
<file name="owl.lazyload.js" server="ftp.temamagazasi.com/public_html/derbesitz/" local="131328025920000000" remote="131455581600000000" Dst="0" />
<file name="owl.carousel.js" server="ftp.temamagazasi.com/public_html/derbesitz/" local="131328025920000000" remote="131455581600000000" Dst="0" />
<file name="owl.navigation.js" server="ftp.temamagazasi.com/public_html/derbesitz/" local="131328025920000000" remote="131455581600000000" Dst="0" />
<file name="owl.support.js" server="ftp.temamagazasi.com/public_html/derbesitz/" local="131328025920000000" remote="131455581600000000" Dst="0" />
<file name="owl.support.modernizr.js" server="ftp.temamagazasi.com/public_html/derbesitz/" local="131328025920000000" remote="131455581600000000" Dst="0" />
<file name="owl.video.js" server="ftp.temamagazasi.com/public_html/derbesitz/" local="131328025920000000" remote="131455581600000000" Dst="0" />
<file name=".jscsrc" server="109.232.216.204/public_html/" local="131475244456508085" remote="131477824200000000" Dst="0" />
<file name=".jshintrc" server="109.232.216.204/public_html/" local="131475244456716114" remote="131477824200000000" Dst="0" />
<file name="owl.animate.js" server="109.232.216.204/public_html/" local="131475244457186558" remote="131477824200000000" Dst="0" />
<file name="owl.autoheight.js" server="109.232.216.204/public_html/" local="131475244457657040" remote="131477824200000000" Dst="0" />
<file name="owl.autorefresh.js" server="109.232.216.204/public_html/" local="131475244458442599" remote="131477824200000000" Dst="0" />
<file name="owl.autoplay.js" server="109.232.216.204/public_html/" local="131475244458072437" remote="131477824200000000" Dst="0" />
<file name="owl.carousel.js" server="109.232.216.204/public_html/" local="131475244459256567" remote="131477824200000000" Dst="0" />
<file name="owl.hash.js" server="109.232.216.204/public_html/" local="131475244460085755" remote="131477824200000000" Dst="0" />
<file name="owl.lazyload.js" server="109.232.216.204/public_html/" local="131475244460502088" remote="131477824200000000" Dst="0" />
<file name="owl.navigation.js" server="109.232.216.204/public_html/" local="131475244461074230" remote="131477824200000000" Dst="0" />
<file name="owl.support.modernizr.js" server="109.232.216.204/public_html/" local="131475244461770681" remote="131477824200000000" Dst="0" />
<file name="owl.video.js" server="109.232.216.204/public_html/" local="131475244462392015" remote="131477824200000000" Dst="0" />
<file name="owl.support.js" server="109.232.216.204/public_html/" local="131475244461294453" remote="131477824200000000" Dst="0" />
<file name="owl.carousel.js" server="ftp.flatisler.com/public_html/" local="131656792855415974" remote="131659387800000000" Dst="0" />
<file name="owl.support.js" server="ftp.flatisler.com/public_html/" local="131656792856302825" remote="131659387800000000" Dst="0" />
<file name=".jscsrc" server="ftp.flatisler.com/public_html/" local="131656792853784418" remote="131659387800000000" Dst="0" />
<file name="owl.video.js" server="ftp.flatisler.com/public_html/" local="131656792856878523" remote="131659387800000000" Dst="0" />
<file name="owl.support.modernizr.js" server="ftp.flatisler.com/public_html/" local="131656792856372893" remote="131659387800000000" Dst="0" />
<file name=".jshintrc" server="ftp.flatisler.com/public_html/" local="131656792853959583" remote="131659387800000000" Dst="0" />
<file name="owl.navigation.js" server="ftp.flatisler.com/public_html/" local="131656792856087622" remote="131659387800000000" Dst="0" />
<file name="owl.autoheight.js" server="ftp.flatisler.com/public_html/" local="131656792854585175" remote="131659387800000000" Dst="0" />
<file name="owl.autorefresh.js" server="ftp.flatisler.com/public_html/" local="131656792855065641" remote="131659387800000000" Dst="0" />
<file name="owl.autoplay.js" server="ftp.flatisler.com/public_html/" local="131656792854865443" remote="131659387800000000" Dst="0" />
<file name="owl.animate.js" server="ftp.flatisler.com/public_html/" local="131656792854485084" remote="131659387800000000" Dst="0" />
<file name="owl.lazyload.js" server="ftp.flatisler.com/public_html/" local="131656792855747295" remote="131659387800000000" Dst="0" />
<file name="owl.hash.js" server="ftp.flatisler.com/public_html/" local="131656792855521080" remote="131659387800000000" Dst="0" />
<file name=".jscsrc" server="ftp.alicinaroglu.com/public_html/" local="131661838400000000" remote="131665361400000000" Dst="0" />
<file name=".jshintrc" server="ftp.alicinaroglu.com/public_html/" local="131661838400000000" remote="131665361400000000" Dst="0" />
<file name="owl.animate.js" server="ftp.alicinaroglu.com/public_html/" local="131661838400000000" remote="131665361400000000" Dst="0" />
<file name="owl.autoheight.js" server="ftp.alicinaroglu.com/public_html/" local="131661838400000000" remote="131665361400000000" Dst="0" />
<file name="owl.autorefresh.js" server="ftp.alicinaroglu.com/public_html/" local="131661838400000000" remote="131665361400000000" Dst="0" />
<file name="owl.autoplay.js" server="ftp.alicinaroglu.com/public_html/" local="131661838400000000" remote="131665361400000000" Dst="0" />
<file name="owl.carousel.js" server="ftp.alicinaroglu.com/public_html/" local="131661838400000000" remote="131665361400000000" Dst="0" />
<file name="owl.hash.js" server="ftp.alicinaroglu.com/public_html/" local="131661838400000000" remote="131665361400000000" Dst="0" />
<file name="owl.lazyload.js" server="ftp.alicinaroglu.com/public_html/" local="131661838400000000" remote="131665361400000000" Dst="0" />
<file name="owl.navigation.js" server="ftp.alicinaroglu.com/public_html/" local="131661838400000000" remote="131665361400000000" Dst="0" />
<file name="owl.support.js" server="ftp.alicinaroglu.com/public_html/" local="131661838400000000" remote="131665361400000000" Dst="0" />
<file name="owl.support.modernizr.js" server="ftp.alicinaroglu.com/public_html/" local="131661838400000000" remote="131665361400000000" Dst="0" />
<file name="owl.video.js" server="ftp.alicinaroglu.com/public_html/" local="131661838400000000" remote="131665361400000000" Dst="0" />
<file name=".jscsrc" server="ftp.alicinaroglu.com/public_html/udemy/html_tema/" local="131661838400000000" remote="131665378200000000" Dst="0" />
<file name=".jshintrc" server="ftp.alicinaroglu.com/public_html/udemy/html_tema/" local="131661838400000000" remote="131665378200000000" Dst="0" />
<file name="owl.animate.js" server="ftp.alicinaroglu.com/public_html/udemy/html_tema/" local="131661838400000000" remote="131665378200000000" Dst="0" />
<file name="owl.autoheight.js" server="ftp.alicinaroglu.com/public_html/udemy/html_tema/" local="131661838400000000" remote="131665378200000000" Dst="0" />
<file name="owl.autorefresh.js" server="ftp.alicinaroglu.com/public_html/udemy/html_tema/" local="131661838400000000" remote="131665378200000000" Dst="0" />
<file name="owl.autoplay.js" server="ftp.alicinaroglu.com/public_html/udemy/html_tema/" local="131661838400000000" remote="131665378200000000" Dst="0" />
<file name="owl.carousel.js" server="ftp.alicinaroglu.com/public_html/udemy/html_tema/" local="131661838400000000" remote="131665378200000000" Dst="0" />
<file name="owl.lazyload.js" server="ftp.alicinaroglu.com/public_html/udemy/html_tema/" local="131661838400000000" remote="131665378200000000" Dst="0" />
<file name="owl.hash.js" server="ftp.alicinaroglu.com/public_html/udemy/html_tema/" local="131661838400000000" remote="131665378200000000" Dst="0" />
<file name="owl.navigation.js" server="ftp.alicinaroglu.com/public_html/udemy/html_tema/" local="131661838400000000" remote="131665378200000000" Dst="0" />
<file name="owl.support.modernizr.js" server="ftp.alicinaroglu.com/public_html/udemy/html_tema/" local="131661838400000000" remote="131665378200000000" Dst="0" />
<file name="owl.video.js" server="ftp.alicinaroglu.com/public_html/udemy/html_tema/" local="131661838400000000" remote="131665378200000000" Dst="0" />
<file name="owl.support.js" server="ftp.alicinaroglu.com/public_html/udemy/html_tema/" local="131661838400000000" remote="131665378200000000" Dst="0" />
<file name=".jscsrc" server="ftp.alicinaroglu.com/public_html/udemy/wordpress_tema/" local="131661838400000000" remote="131676554400000000" Dst="0" />
<file name=".jshintrc" server="ftp.alicinaroglu.com/public_html/udemy/wordpress_tema/" local="131661838400000000" remote="131676554400000000" Dst="0" />
<file name="owl.animate.js" server="ftp.alicinaroglu.com/public_html/udemy/wordpress_tema/" local="131661838400000000" remote="131676554400000000" Dst="0" />
<file name="owl.autoheight.js" server="ftp.alicinaroglu.com/public_html/udemy/wordpress_tema/" local="131661838400000000" remote="131676554400000000" Dst="0" />
<file name="owl.autoplay.js" server="ftp.alicinaroglu.com/public_html/udemy/wordpress_tema/" local="131661838400000000" remote="131676554400000000" Dst="0" />
<file name="owl.autorefresh.js" server="ftp.alicinaroglu.com/public_html/udemy/wordpress_tema/" local="131661838400000000" remote="131676554400000000" Dst="0" />
<file name="owl.hash.js" server="ftp.alicinaroglu.com/public_html/udemy/wordpress_tema/" local="131661838400000000" remote="131676554400000000" Dst="0" />
<file name="owl.lazyload.js" server="ftp.alicinaroglu.com/public_html/udemy/wordpress_tema/" local="131661838400000000" remote="131676554400000000" Dst="0" />
<file name="owl.carousel.js" server="ftp.alicinaroglu.com/public_html/udemy/wordpress_tema/" local="131661838400000000" remote="131676554400000000" Dst="0" />
<file name="owl.navigation.js" server="ftp.alicinaroglu.com/public_html/udemy/wordpress_tema/" local="131661838400000000" remote="131676554400000000" Dst="0" />
<file name="owl.support.modernizr.js" server="ftp.alicinaroglu.com/public_html/udemy/wordpress_tema/" local="131661838400000000" remote="131676554400000000" Dst="0" />
<file name="owl.support.js" server="ftp.alicinaroglu.com/public_html/udemy/wordpress_tema/" local="131661838400000000" remote="131676554400000000" Dst="0" />
<file name="owl.video.js" server="ftp.alicinaroglu.com/public_html/udemy/wordpress_tema/" local="131661838400000000" remote="131676554400000000" Dst="0" />
</dwsync>