<?xml version="1.0" encoding="utf-8" ?>
<dwsync>
<file name="animate.html" server="ftp.modim.com.tr/public_html/" local="131328025920000000" remote="131441540400000000" Dst="0" />
<file name="autoheight.html" server="ftp.modim.com.tr/public_html/" local="131328025920000000" remote="131441540400000000" Dst="0" />
<file name="autoplay.html" server="ftp.modim.com.tr/public_html/" local="131328025920000000" remote="131441540400000000" Dst="0" />
<file name="basic.html" server="ftp.modim.com.tr/public_html/" local="131328025920000000" remote="131441540400000000" Dst="0" />
<file name="center.html" server="ftp.modim.com.tr/public_html/" local="131328025920000000" remote="131441540400000000" Dst="0" />
<file name="autowidth.html" server="ftp.modim.com.tr/public_html/" local="131328025920000000" remote="131441540400000000" Dst="0" />
<file name="events.html" server="ftp.modim.com.tr/public_html/" local="131328025920000000" remote="131441540400000000" Dst="0" />
<file name="lazyLoad.html" server="ftp.modim.com.tr/public_html/" local="131328025920000000" remote="131441540400000000" Dst="0" />
<file name="demos.html" server="ftp.modim.com.tr/public_html/" local="131328025920000000" remote="131441540400000000" Dst="0" />
<file name="mousewheel.html" server="ftp.modim.com.tr/public_html/" local="131328025920000000" remote="131441540400000000" Dst="0" />
<file name="responsive.html" server="ftp.modim.com.tr/public_html/" local="131328025920000000" remote="131441540400000000" Dst="0" />
<file name="merge.html" server="ftp.modim.com.tr/public_html/" local="131328025920000000" remote="131441540400000000" Dst="0" />
<file name="stagepadding.html" server="ftp.modim.com.tr/public_html/" local="131328025920000000" remote="131441540400000000" Dst="0" />
<file name="test.html" server="ftp.modim.com.tr/public_html/" local="131328025920000000" remote="131441540400000000" Dst="0" />
<file name="rtl.html" server="ftp.modim.com.tr/public_html/" local="131328025920000000" remote="131441540400000000" Dst="0" />
<file name="video.html" server="ftp.modim.com.tr/public_html/" local="131328025920000000" remote="131441540400000000" Dst="0" />
<file name="urlhashnav.html" server="ftp.modim.com.tr/public_html/" local="131328025920000000" remote="131441540400000000" Dst="0" />
<file name="animate.html" server="ftp.temamagazasi.com/public_html/derbesitz/" local="131328025920000000" remote="131455581600000000" Dst="0" />
<file name="autoplay.html" server="ftp.temamagazasi.com/public_html/derbesitz/" local="131328025920000000" remote="131455581600000000" Dst="0" />
<file name="autoheight.html" server="ftp.temamagazasi.com/public_html/derbesitz/" local="131328025920000000" remote="131455581600000000" Dst="0" />
<file name="autowidth.html" server="ftp.temamagazasi.com/public_html/derbesitz/" local="131328025920000000" remote="131455581600000000" Dst="0" />
<file name="basic.html" server="ftp.temamagazasi.com/public_html/derbesitz/" local="131328025920000000" remote="131455581600000000" Dst="0" />
<file name="center.html" server="ftp.temamagazasi.com/public_html/derbesitz/" local="131328025920000000" remote="131455581600000000" Dst="0" />
<file name="demos.html" server="ftp.temamagazasi.com/public_html/derbesitz/" local="131328025920000000" remote="131455581600000000" Dst="0" />
<file name="events.html" server="ftp.temamagazasi.com/public_html/derbesitz/" local="131328025920000000" remote="131455581600000000" Dst="0" />
<file name="lazyLoad.html" server="ftp.temamagazasi.com/public_html/derbesitz/" local="131328025920000000" remote="131455581600000000" Dst="0" />
<file name="merge.html" server="ftp.temamagazasi.com/public_html/derbesitz/" local="131328025920000000" remote="131455581600000000" Dst="0" />
<file name="mousewheel.html" server="ftp.temamagazasi.com/public_html/derbesitz/" local="131328025920000000" remote="131455581600000000" Dst="0" />
<file name="responsive.html" server="ftp.temamagazasi.com/public_html/derbesitz/" local="131328025920000000" remote="131455581600000000" Dst="0" />
<file name="rtl.html" server="ftp.temamagazasi.com/public_html/derbesitz/" local="131328025920000000" remote="131455581600000000" Dst="0" />
<file name="stagepadding.html" server="ftp.temamagazasi.com/public_html/derbesitz/" local="131328025920000000" remote="131455581600000000" Dst="0" />
<file name="test.html" server="ftp.temamagazasi.com/public_html/derbesitz/" local="131328025920000000" remote="131455581600000000" Dst="0" />
<file name="urlhashnav.html" server="ftp.temamagazasi.com/public_html/derbesitz/" local="131328025920000000" remote="131455581600000000" Dst="0" />
<file name="video.html" server="ftp.temamagazasi.com/public_html/derbesitz/" local="131328025920000000" remote="131455581600000000" Dst="0" />
<file name="animate.html" server="109.232.216.204/public_html/" local="131475244402554535" remote="131477824200000000" Dst="0" />
<file name="autoplay.html" server="109.232.216.204/public_html/" local="131475244403331350" remote="131477824200000000" Dst="0" />
<file name="autoheight.html" server="109.232.216.204/public_html/" local="131475244402955809" remote="131477824200000000" Dst="0" />
<file name="autowidth.html" server="109.232.216.204/public_html/" local="131475244403736776" remote="131477824200000000" Dst="0" />
<file name="center.html" server="109.232.216.204/public_html/" local="131475244404903636" remote="131477824200000000" Dst="0" />
<file name="basic.html" server="109.232.216.204/public_html/" local="131475244404523394" remote="131477824200000000" Dst="0" />
<file name="demos.html" server="109.232.216.204/public_html/" local="131475244405183904" remote="131477824200000000" Dst="0" />
<file name="lazyLoad.html" server="109.232.216.204/public_html/" local="131475244406118387" remote="131477824200000000" Dst="0" />
<file name="merge.html" server="109.232.216.204/public_html/" local="131475244406333754" remote="131477824200000000" Dst="0" />
<file name="events.html" server="109.232.216.204/public_html/" local="131475244405584634" remote="131477824200000000" Dst="0" />
<file name="responsive.html" server="109.232.216.204/public_html/" local="131475244407064287" remote="131477824200000000" Dst="0" />
<file name="rtl.html" server="109.232.216.204/public_html/" local="131475244407861222" remote="131477824200000000" Dst="0" />
<file name="mousewheel.html" server="109.232.216.204/public_html/" local="131475244406698937" remote="131477824200000000" Dst="0" />
<file name="test.html" server="109.232.216.204/public_html/" local="131475244408885176" remote="131477824200000000" Dst="0" />
<file name="urlhashnav.html" server="109.232.216.204/public_html/" local="131475244409322811" remote="131477824200000000" Dst="0" />
<file name="stagepadding.html" server="109.232.216.204/public_html/" local="131475244408564961" remote="131477824200000000" Dst="0" />
<file name="video.html" server="109.232.216.204/public_html/" local="131475244409589310" remote="131477824200000000" Dst="0" />
<file name="basic.html" server="ftp.flatisler.com/public_html/" local="131656786893571143" remote="131659387800000000" Dst="0" />
<file name="center.html" server="ftp.flatisler.com/public_html/" local="131656786894031600" remote="131659387800000000" Dst="0" />
<file name="autowidth.html" server="ftp.flatisler.com/public_html/" local="131656786893446025" remote="131659387800000000" Dst="0" />
<file name="merge.html" server="ftp.flatisler.com/public_html/" local="131656786894882398" remote="131659387800000000" Dst="0" />
<file name="urlhashnav.html" server="ftp.flatisler.com/public_html/" local="131656786897449854" remote="131659387800000000" Dst="0" />
<file name="video.html" server="ftp.flatisler.com/public_html/" local="131656786897770167" remote="131659387800000000" Dst="0" />
<file name="lazyLoad.html" server="ftp.flatisler.com/public_html/" local="131656786894647171" remote="131659387800000000" Dst="0" />
<file name="stagepadding.html" server="ftp.flatisler.com/public_html/" local="131656786896634083" remote="131659387800000000" Dst="0" />
<file name="demos.html" server="ftp.flatisler.com/public_html/" local="131656786894106656" remote="131659387800000000" Dst="0" />
<file name="rtl.html" server="ftp.flatisler.com/public_html/" local="131656786896328788" remote="131659387800000000" Dst="0" />
<file name="mousewheel.html" server="ftp.flatisler.com/public_html/" local="131656786895047557" remote="131659387800000000" Dst="0" />
<file name="test.html" server="ftp.flatisler.com/public_html/" local="131656786897119539" remote="131659387800000000" Dst="0" />
<file name="events.html" server="ftp.flatisler.com/public_html/" local="131656786894366909" remote="131659387800000000" Dst="0" />
<file name="animate.html" server="ftp.flatisler.com/public_html/" local="131656786892390018" remote="131659387800000000" Dst="0" />
<file name="autoplay.html" server="ftp.flatisler.com/public_html/" local="131656786893260852" remote="131659387800000000" Dst="0" />
<file name="responsive.html" server="ftp.flatisler.com/public_html/" local="131656786895663146" remote="131659387800000000" Dst="0" />
<file name="autoheight.html" server="ftp.flatisler.com/public_html/" local="131656786892865469" remote="131659387800000000" Dst="0" />
<file name="animate.html" server="ftp.alicinaroglu.com/public_html/" local="131661838360000000" remote="131665361400000000" Dst="0" />
<file name="autoheight.html" server="ftp.alicinaroglu.com/public_html/" local="131661838360000000" remote="131665361400000000" Dst="0" />
<file name="autoplay.html" server="ftp.alicinaroglu.com/public_html/" local="131661838360000000" remote="131665361400000000" Dst="0" />
<file name="autowidth.html" server="ftp.alicinaroglu.com/public_html/" local="131661838360000000" remote="131665361400000000" Dst="0" />
<file name="basic.html" server="ftp.alicinaroglu.com/public_html/" local="131661838360000000" remote="131665361400000000" Dst="0" />
<file name="center.html" server="ftp.alicinaroglu.com/public_html/" local="131661838360000000" remote="131665361400000000" Dst="0" />
<file name="demos.html" server="ftp.alicinaroglu.com/public_html/" local="131661838360000000" remote="131665361400000000" Dst="0" />
<file name="events.html" server="ftp.alicinaroglu.com/public_html/" local="131661838360000000" remote="131665361400000000" Dst="0" />
<file name="lazyLoad.html" server="ftp.alicinaroglu.com/public_html/" local="131661838360000000" remote="131665361400000000" Dst="0" />
<file name="merge.html" server="ftp.alicinaroglu.com/public_html/" local="131661838360000000" remote="131665361400000000" Dst="0" />
<file name="mousewheel.html" server="ftp.alicinaroglu.com/public_html/" local="131661838360000000" remote="131665361400000000" Dst="0" />
<file name="responsive.html" server="ftp.alicinaroglu.com/public_html/" local="131661838360000000" remote="131665361400000000" Dst="0" />
<file name="rtl.html" server="ftp.alicinaroglu.com/public_html/" local="131661838360000000" remote="131665361400000000" Dst="0" />
<file name="stagepadding.html" server="ftp.alicinaroglu.com/public_html/" local="131661838370000000" remote="131665361400000000" Dst="0" />
<file name="test.html" server="ftp.alicinaroglu.com/public_html/" local="131661838370000000" remote="131665361400000000" Dst="0" />
<file name="video.html" server="ftp.alicinaroglu.com/public_html/" local="131661838370000000" remote="131665361400000000" Dst="0" />
<file name="urlhashnav.html" server="ftp.alicinaroglu.com/public_html/" local="131661838370000000" remote="131665361400000000" Dst="0" />
<file name="autoheight.html" server="ftp.alicinaroglu.com/public_html/udemy/html_tema/" local="131661838360000000" remote="131665377600000000" Dst="0" />
<file name="animate.html" server="ftp.alicinaroglu.com/public_html/udemy/html_tema/" local="131661838360000000" remote="131665377600000000" Dst="0" />
<file name="autoplay.html" server="ftp.alicinaroglu.com/public_html/udemy/html_tema/" local="131661838360000000" remote="131665377600000000" Dst="0" />
<file name="basic.html" server="ftp.alicinaroglu.com/public_html/udemy/html_tema/" local="131661838360000000" remote="131665377600000000" Dst="0" />
<file name="center.html" server="ftp.alicinaroglu.com/public_html/udemy/html_tema/" local="131661838360000000" remote="131665377600000000" Dst="0" />
<file name="autowidth.html" server="ftp.alicinaroglu.com/public_html/udemy/html_tema/" local="131661838360000000" remote="131665377600000000" Dst="0" />
<file name="events.html" server="ftp.alicinaroglu.com/public_html/udemy/html_tema/" local="131661838360000000" remote="131665377600000000" Dst="0" />
<file name="lazyLoad.html" server="ftp.alicinaroglu.com/public_html/udemy/html_tema/" local="131661838360000000" remote="131665377600000000" Dst="0" />
<file name="demos.html" server="ftp.alicinaroglu.com/public_html/udemy/html_tema/" local="131661838360000000" remote="131665377600000000" Dst="0" />
<file name="mousewheel.html" server="ftp.alicinaroglu.com/public_html/udemy/html_tema/" local="131661838360000000" remote="131665377600000000" Dst="0" />
<file name="responsive.html" server="ftp.alicinaroglu.com/public_html/udemy/html_tema/" local="131661838360000000" remote="131665377600000000" Dst="0" />
<file name="merge.html" server="ftp.alicinaroglu.com/public_html/udemy/html_tema/" local="131661838360000000" remote="131665377600000000" Dst="0" />
<file name="stagepadding.html" server="ftp.alicinaroglu.com/public_html/udemy/html_tema/" local="131661838370000000" remote="131665377600000000" Dst="0" />
<file name="test.html" server="ftp.alicinaroglu.com/public_html/udemy/html_tema/" local="131661838370000000" remote="131665377600000000" Dst="0" />
<file name="rtl.html" server="ftp.alicinaroglu.com/public_html/udemy/html_tema/" local="131661838360000000" remote="131665377600000000" Dst="0" />
<file name="video.html" server="ftp.alicinaroglu.com/public_html/udemy/html_tema/" local="131661838370000000" remote="131665377600000000" Dst="0" />
<file name="urlhashnav.html" server="ftp.alicinaroglu.com/public_html/udemy/html_tema/" local="131661838370000000" remote="131665377600000000" Dst="0" />
<file name="animate.html" server="ftp.alicinaroglu.com/public_html/udemy/wordpress_tema/" local="131661838360000000" remote="131676554400000000" Dst="0" />
<file name="autoheight.html" server="ftp.alicinaroglu.com/public_html/udemy/wordpress_tema/" local="131661838360000000" remote="131676554400000000" Dst="0" />
<file name="autoplay.html" server="ftp.alicinaroglu.com/public_html/udemy/wordpress_tema/" local="131661838360000000" remote="131676554400000000" Dst="0" />
<file name="autowidth.html" server="ftp.alicinaroglu.com/public_html/udemy/wordpress_tema/" local="131661838360000000" remote="131676554400000000" Dst="0" />
<file name="basic.html" server="ftp.alicinaroglu.com/public_html/udemy/wordpress_tema/" local="131661838360000000" remote="131676554400000000" Dst="0" />
<file name="center.html" server="ftp.alicinaroglu.com/public_html/udemy/wordpress_tema/" local="131661838360000000" remote="131676554400000000" Dst="0" />
<file name="demos.html" server="ftp.alicinaroglu.com/public_html/udemy/wordpress_tema/" local="131661838360000000" remote="131676554400000000" Dst="0" />
<file name="events.html" server="ftp.alicinaroglu.com/public_html/udemy/wordpress_tema/" local="131661838360000000" remote="131676554400000000" Dst="0" />
<file name="lazyLoad.html" server="ftp.alicinaroglu.com/public_html/udemy/wordpress_tema/" local="131661838360000000" remote="131676554400000000" Dst="0" />
<file name="merge.html" server="ftp.alicinaroglu.com/public_html/udemy/wordpress_tema/" local="131661838360000000" remote="131676554400000000" Dst="0" />
<file name="mousewheel.html" server="ftp.alicinaroglu.com/public_html/udemy/wordpress_tema/" local="131661838360000000" remote="131676554400000000" Dst="0" />
<file name="rtl.html" server="ftp.alicinaroglu.com/public_html/udemy/wordpress_tema/" local="131661838360000000" remote="131676554400000000" Dst="0" />
<file name="responsive.html" server="ftp.alicinaroglu.com/public_html/udemy/wordpress_tema/" local="131661838360000000" remote="131676554400000000" Dst="0" />
<file name="stagepadding.html" server="ftp.alicinaroglu.com/public_html/udemy/wordpress_tema/" local="131661838370000000" remote="131676554400000000" Dst="0" />
<file name="urlhashnav.html" server="ftp.alicinaroglu.com/public_html/udemy/wordpress_tema/" local="131661838370000000" remote="131676554400000000" Dst="0" />
<file name="video.html" server="ftp.alicinaroglu.com/public_html/udemy/wordpress_tema/" local="131661838370000000" remote="131676554400000000" Dst="0" />
<file name="test.html" server="ftp.alicinaroglu.com/public_html/udemy/wordpress_tema/" local="131661838370000000" remote="131676554400000000" Dst="0" />
</dwsync>