<?xml version="1.0" encoding="utf-8" ?>
<dwsync>
<file name="modulo.js" server="ftp.modim.com.tr/public_html/" local="131328025920000000" remote="131441540400000000" Dst="0" />
<file name="test.js" server="ftp.modim.com.tr/public_html/" local="131328025920000000" remote="131441540400000000" Dst="0" />
<file name="modulo.js" server="ftp.temamagazasi.com/public_html/derbesitz/" local="131328025920000000" remote="131455581600000000" Dst="0" />
<file name="test.js" server="ftp.temamagazasi.com/public_html/derbesitz/" local="131328025920000000" remote="131455581600000000" Dst="0" />
<file name="modulo.js" server="109.232.216.204/public_html/" local="131475244431304664" remote="131477824200000000" Dst="0" />
<file name="test.js" server="109.232.216.204/public_html/" local="131475244431594937" remote="131477824200000000" Dst="0" />
<file name="test.js" server="ftp.flatisler.com/public_html/" local="131656786911200677" remote="131659387800000000" Dst="0" />
<file name="modulo.js" server="ftp.flatisler.com/public_html/" local="131656786910185507" remote="131659387800000000" Dst="0" />
<file name="modulo.js" server="ftp.alicinaroglu.com/public_html/" local="131661838380000000" remote="131665361400000000" Dst="0" />
<file name="test.js" server="ftp.alicinaroglu.com/public_html/" local="131661838380000000" remote="131665361400000000" Dst="0" />
<file name="test.js" server="ftp.alicinaroglu.com/public_html/udemy/html_tema/" local="131661838380000000" remote="131665377600000000" Dst="0" />
<file name="modulo.js" server="ftp.alicinaroglu.com/public_html/udemy/html_tema/" local="131661838380000000" remote="131665361400000000" Dst="0" />
<file name="modulo.js" server="ftp.alicinaroglu.com/public_html/udemy/wordpress_tema/" local="131661838380000000" remote="131676554400000000" Dst="0" />
<file name="test.js" server="ftp.alicinaroglu.com/public_html/udemy/wordpress_tema/" local="131661838380000000" remote="131676554400000000" Dst="0" />
</dwsync>