<?xml version="1.0" encoding="utf-8" ?>
<dwsync>
<file name="fa-brands-400.eot" server="ftp.alicinaroglu.com/public_html/" local="131644026500000000" remote="131665361400000000" Dst="0" />
<file name="fa-brands-400.woff" server="ftp.alicinaroglu.com/public_html/" local="131644026500000000" remote="131665361400000000" Dst="0" />
<file name="fa-brands-400.ttf" server="ftp.alicinaroglu.com/public_html/" local="131644026500000000" remote="131665361400000000" Dst="0" />
<file name="fa-regular-400.eot" server="ftp.alicinaroglu.com/public_html/" local="131644026500000000" remote="131665361400000000" Dst="0" />
<file name="fa-brands-400.woff2" server="ftp.alicinaroglu.com/public_html/" local="131644026500000000" remote="131665361400000000" Dst="0" />
<file name="fa-regular-400.ttf" server="ftp.alicinaroglu.com/public_html/" local="131644026500000000" remote="131665361400000000" Dst="0" />
<file name="fa-regular-400.svg" server="ftp.alicinaroglu.com/public_html/" local="131644026500000000" remote="131665361400000000" Dst="0" />
<file name="fa-regular-400.woff" server="ftp.alicinaroglu.com/public_html/" local="131644026500000000" remote="131665361400000000" Dst="0" />
<file name="fa-regular-400.woff2" server="ftp.alicinaroglu.com/public_html/" local="131644026500000000" remote="131665361400000000" Dst="0" />
<file name="fa-brands-400.svg" server="ftp.alicinaroglu.com/public_html/" local="131644026500000000" remote="131665361400000000" Dst="0" />
<file name="fa-solid-900.eot" server="ftp.alicinaroglu.com/public_html/" local="131644026500000000" remote="131665361400000000" Dst="0" />
<file name="fa-solid-900.woff" server="ftp.alicinaroglu.com/public_html/" local="131644026500000000" remote="131665361400000000" Dst="0" />
<file name="fa-solid-900.ttf" server="ftp.alicinaroglu.com/public_html/" local="131644026500000000" remote="131665361400000000" Dst="0" />
<file name="fa-solid-900.woff2" server="ftp.alicinaroglu.com/public_html/" local="131644026500000000" remote="131665361400000000" Dst="0" />
<file name="fa-solid-900.svg" server="ftp.alicinaroglu.com/public_html/" local="131644026500000000" remote="131665361400000000" Dst="0" />
<file name="fa-brands-400.ttf" server="ftp.alicinaroglu.com/public_html/udemy/html_tema/" local="131644026500000000" remote="131665377600000000" Dst="0" />
<file name="fa-brands-400.eot" server="ftp.alicinaroglu.com/public_html/udemy/html_tema/" local="131644026500000000" remote="131665377600000000" Dst="0" />
<file name="fa-brands-400.woff2" server="ftp.alicinaroglu.com/public_html/udemy/html_tema/" local="131644026500000000" remote="131665377600000000" Dst="0" />
<file name="fa-brands-400.woff" server="ftp.alicinaroglu.com/public_html/udemy/html_tema/" local="131644026500000000" remote="131665377600000000" Dst="0" />
<file name="fa-regular-400.eot" server="ftp.alicinaroglu.com/public_html/udemy/html_tema/" local="131644026500000000" remote="131665377600000000" Dst="0" />
<file name="fa-regular-400.ttf" server="ftp.alicinaroglu.com/public_html/udemy/html_tema/" local="131644026500000000" remote="131665377600000000" Dst="0" />
<file name="fa-regular-400.svg" server="ftp.alicinaroglu.com/public_html/udemy/html_tema/" local="131644026500000000" remote="131665377600000000" Dst="0" />
<file name="fa-regular-400.woff2" server="ftp.alicinaroglu.com/public_html/udemy/html_tema/" local="131644026500000000" remote="131665377600000000" Dst="0" />
<file name="fa-regular-400.woff" server="ftp.alicinaroglu.com/public_html/udemy/html_tema/" local="131644026500000000" remote="131665377600000000" Dst="0" />
<file name="fa-brands-400.svg" server="ftp.alicinaroglu.com/public_html/udemy/html_tema/" local="131644026500000000" remote="131665377600000000" Dst="0" />
<file name="fa-solid-900.eot" server="ftp.alicinaroglu.com/public_html/udemy/html_tema/" local="131644026500000000" remote="131665377600000000" Dst="0" />
<file name="fa-solid-900.woff" server="ftp.alicinaroglu.com/public_html/udemy/html_tema/" local="131644026500000000" remote="131665377600000000" Dst="0" />
<file name="fa-solid-900.ttf" server="ftp.alicinaroglu.com/public_html/udemy/html_tema/" local="131644026500000000" remote="131665377600000000" Dst="0" />
<file name="fa-solid-900.woff2" server="ftp.alicinaroglu.com/public_html/udemy/html_tema/" local="131644026500000000" remote="131665377600000000" Dst="0" />
<file name="fa-solid-900.svg" server="ftp.alicinaroglu.com/public_html/udemy/html_tema/" local="131644026500000000" remote="131665377600000000" Dst="0" />
<file name="fa-brands-400.eot" server="ftp.alicinaroglu.com/public_html/udemy/wordpress_tema/" local="131644026500000000" remote="131676554400000000" Dst="0" />
<file name="fa-brands-400.ttf" server="ftp.alicinaroglu.com/public_html/udemy/wordpress_tema/" local="131644026500000000" remote="131676554400000000" Dst="0" />
<file name="fa-brands-400.woff" server="ftp.alicinaroglu.com/public_html/udemy/wordpress_tema/" local="131644026500000000" remote="131676554400000000" Dst="0" />
<file name="fa-brands-400.woff2" server="ftp.alicinaroglu.com/public_html/udemy/wordpress_tema/" local="131644026500000000" remote="131676554400000000" Dst="0" />
<file name="fa-regular-400.eot" server="ftp.alicinaroglu.com/public_html/udemy/wordpress_tema/" local="131644026500000000" remote="131676554400000000" Dst="0" />
<file name="fa-brands-400.svg" server="ftp.alicinaroglu.com/public_html/udemy/wordpress_tema/" local="131644026500000000" remote="131676554400000000" Dst="0" />
<file name="fa-regular-400.ttf" server="ftp.alicinaroglu.com/public_html/udemy/wordpress_tema/" local="131644026500000000" remote="131676554400000000" Dst="0" />
<file name="fa-regular-400.woff" server="ftp.alicinaroglu.com/public_html/udemy/wordpress_tema/" local="131644026500000000" remote="131676554400000000" Dst="0" />
<file name="fa-regular-400.svg" server="ftp.alicinaroglu.com/public_html/udemy/wordpress_tema/" local="131644026500000000" remote="131676554400000000" Dst="0" />
<file name="fa-regular-400.woff2" server="ftp.alicinaroglu.com/public_html/udemy/wordpress_tema/" local="131644026500000000" remote="131676554400000000" Dst="0" />
<file name="fa-solid-900.eot" server="ftp.alicinaroglu.com/public_html/udemy/wordpress_tema/" local="131644026500000000" remote="131676554400000000" Dst="0" />
<file name="fa-solid-900.ttf" server="ftp.alicinaroglu.com/public_html/udemy/wordpress_tema/" local="131644026500000000" remote="131676554400000000" Dst="0" />
<file name="fa-solid-900.woff" server="ftp.alicinaroglu.com/public_html/udemy/wordpress_tema/" local="131644026500000000" remote="131676554400000000" Dst="0" />
<file name="fa-solid-900.woff2" server="ftp.alicinaroglu.com/public_html/udemy/wordpress_tema/" local="131644026500000000" remote="131676554400000000" Dst="0" />
<file name="fa-solid-900.svg" server="ftp.alicinaroglu.com/public_html/udemy/wordpress_tema/" local="131644026500000000" remote="131676554400000000" Dst="0" />
</dwsync>