<?xml version="1.0" encoding="utf-8" ?>
<dwsync>
<file name="owl.carousel.min.js" server="ftp.modim.com.tr/public_html/" local="131328025920000000" remote="131441540400000000" Dst="0" />
<file name="owl.carousel.js" server="ftp.modim.com.tr/public_html/" local="131328025920000000" remote="131441540400000000" Dst="0" />
<file name="README.md" server="ftp.modim.com.tr/public_html/" local="131328025920000000" remote="131441540400000000" Dst="0" />
<file name="owl.carousel.js" server="ftp.temamagazasi.com/public_html/derbesitz/" local="131328025920000000" remote="131455581600000000" Dst="0" />
<file name="README.md" server="ftp.temamagazasi.com/public_html/derbesitz/" local="131328025920000000" remote="131455581600000000" Dst="0" />
<file name="owl.carousel.min.js" server="ftp.temamagazasi.com/public_html/derbesitz/" local="131328025920000000" remote="131455581600000000" Dst="0" />
<file name="owl.carousel.min.js" server="109.232.216.204/public_html/" local="131475244395022071" remote="131477824200000000" Dst="0" />
<file name="README.md" server="109.232.216.204/public_html/" local="131475244395382143" remote="131477824200000000" Dst="0" />
<file name="owl.carousel.js" server="109.232.216.204/public_html/" local="131475244394162231" remote="131477824200000000" Dst="0" />
<file name="owl.carousel.js" server="ftp.flatisler.com/public_html/" local="131656786888976754" remote="131659387800000000" Dst="0" />
<file name="README.md" server="ftp.flatisler.com/public_html/" local="131656786884327307" remote="131659387800000000" Dst="0" />
<file name="owl.carousel.min.js" server="ftp.flatisler.com/public_html/" local="131656786889211978" remote="131659387800000000" Dst="0" />
<file name="owl.carousel.min.js" server="ftp.alicinaroglu.com/public_html/" local="131661838360000000" remote="131665361400000000" Dst="0" />
<file name="README.md" server="ftp.alicinaroglu.com/public_html/" local="131661838360000000" remote="131665361400000000" Dst="0" />
<file name="owl.carousel.js" server="ftp.alicinaroglu.com/public_html/" local="131661838360000000" remote="131665361400000000" Dst="0" />
<file name="owl.carousel.min.js" server="ftp.alicinaroglu.com/public_html/udemy/html_tema/" local="131661838360000000" remote="131665377600000000" Dst="0" />
<file name="owl.carousel.js" server="ftp.alicinaroglu.com/public_html/udemy/html_tema/" local="131661838360000000" remote="131665377600000000" Dst="0" />
<file name="README.md" server="ftp.alicinaroglu.com/public_html/udemy/html_tema/" local="131661838360000000" remote="131665377600000000" Dst="0" />
<file name="owl.carousel.js" server="ftp.alicinaroglu.com/public_html/udemy/wordpress_tema/" local="131661838360000000" remote="131676554400000000" Dst="0" />
<file name="owl.carousel.min.js" server="ftp.alicinaroglu.com/public_html/udemy/wordpress_tema/" local="131661838360000000" remote="131676554400000000" Dst="0" />
<file name="README.md" server="ftp.alicinaroglu.com/public_html/udemy/wordpress_tema/" local="131661838360000000" remote="131676554400000000" Dst="0" />
</dwsync>