<?xml version="1.0" encoding="utf-8" ?>
<dwsync>
<file name="fa-brands.css" server="ftp.alicinaroglu.com/public_html/" local="131665352621568381" remote="131665360800000000" Dst="0" />
<file name="fa-brands.scss" server="ftp.alicinaroglu.com/public_html/" local="131644026500000000" remote="131665360800000000" Dst="0" />
<file name="fa-regular.css" server="ftp.alicinaroglu.com/public_html/" local="131665352159824316" remote="131665360800000000" Dst="0" />
<file name="fa-regular.scss" server="ftp.alicinaroglu.com/public_html/" local="131644026500000000" remote="131665360800000000" Dst="0" />
<file name="fa-solid.css" server="ftp.alicinaroglu.com/public_html/" local="131665352157772354" remote="131665360800000000" Dst="0" />
<file name="fa-solid.scss" server="ftp.alicinaroglu.com/public_html/" local="131644026500000000" remote="131665361400000000" Dst="0" />
<file name="fontawesome.css" server="ftp.alicinaroglu.com/public_html/" local="131665352348419474" remote="131665361400000000" Dst="0" />
<file name="fontawesome.scss" server="ftp.alicinaroglu.com/public_html/" local="131644026500000000" remote="131665361400000000" Dst="0" />
<file name="_animated.scss" server="ftp.alicinaroglu.com/public_html/" local="131644026500000000" remote="131665361400000000" Dst="0" />
<file name="_bordered-pulled.scss" server="ftp.alicinaroglu.com/public_html/" local="131644026500000000" remote="131665361400000000" Dst="0" />
<file name="_core.scss" server="ftp.alicinaroglu.com/public_html/" local="131644026500000000" remote="131665361400000000" Dst="0" />
<file name="_fixed-width.scss" server="ftp.alicinaroglu.com/public_html/" local="131644026500000000" remote="131665361400000000" Dst="0" />
<file name="_list.scss" server="ftp.alicinaroglu.com/public_html/" local="131644026500000000" remote="131665361400000000" Dst="0" />
<file name="_larger.scss" server="ftp.alicinaroglu.com/public_html/" local="131644026500000000" remote="131665361400000000" Dst="0" />
<file name="_icons.scss" server="ftp.alicinaroglu.com/public_html/" local="131644026500000000" remote="131665361400000000" Dst="0" />
<file name="_mixins.scss" server="ftp.alicinaroglu.com/public_html/" local="131644026500000000" remote="131665361400000000" Dst="0" />
<file name="_rotated-flipped.scss" server="ftp.alicinaroglu.com/public_html/" local="131644026500000000" remote="131665361400000000" Dst="0" />
<file name="_screen-reader.scss" server="ftp.alicinaroglu.com/public_html/" local="131644026500000000" remote="131665361400000000" Dst="0" />
<file name="_stacked.scss" server="ftp.alicinaroglu.com/public_html/" local="131644026500000000" remote="131665361400000000" Dst="0" />
<file name="_variables.scss" server="ftp.alicinaroglu.com/public_html/" local="131644026500000000" remote="131665361400000000" Dst="0" />
<file name="fa-brands.scss" server="ftp.alicinaroglu.com/public_html/udemy/html_tema/" local="131644026500000000" remote="131665377600000000" Dst="0" />
<file name="fa-regular.css" server="ftp.alicinaroglu.com/public_html/udemy/html_tema/" local="131665352159824316" remote="131665377600000000" Dst="0" />
<file name="fa-brands.css" server="ftp.alicinaroglu.com/public_html/udemy/html_tema/" local="131665352621568381" remote="131665377600000000" Dst="0" />
<file name="fa-regular.scss" server="ftp.alicinaroglu.com/public_html/udemy/html_tema/" local="131644026500000000" remote="131665377600000000" Dst="0" />
<file name="fa-solid.css" server="ftp.alicinaroglu.com/public_html/udemy/html_tema/" local="131665352157772354" remote="131665377600000000" Dst="0" />
<file name="fa-solid.scss" server="ftp.alicinaroglu.com/public_html/udemy/html_tema/" local="131644026500000000" remote="131665377600000000" Dst="0" />
<file name="fontawesome.css" server="ftp.alicinaroglu.com/public_html/udemy/html_tema/" local="131665352348419474" remote="131665377600000000" Dst="0" />
<file name="_animated.scss" server="ftp.alicinaroglu.com/public_html/udemy/html_tema/" local="131644026500000000" remote="131665377600000000" Dst="0" />
<file name="fontawesome.scss" server="ftp.alicinaroglu.com/public_html/udemy/html_tema/" local="131644026500000000" remote="131665377600000000" Dst="0" />
<file name="_bordered-pulled.scss" server="ftp.alicinaroglu.com/public_html/udemy/html_tema/" local="131644026500000000" remote="131665377600000000" Dst="0" />
<file name="_core.scss" server="ftp.alicinaroglu.com/public_html/udemy/html_tema/" local="131644026500000000" remote="131665377600000000" Dst="0" />
<file name="_fixed-width.scss" server="ftp.alicinaroglu.com/public_html/udemy/html_tema/" local="131644026500000000" remote="131665377600000000" Dst="0" />
<file name="_larger.scss" server="ftp.alicinaroglu.com/public_html/udemy/html_tema/" local="131644026500000000" remote="131665377600000000" Dst="0" />
<file name="_icons.scss" server="ftp.alicinaroglu.com/public_html/udemy/html_tema/" local="131644026500000000" remote="131665377600000000" Dst="0" />
<file name="_mixins.scss" server="ftp.alicinaroglu.com/public_html/udemy/html_tema/" local="131644026500000000" remote="131665377600000000" Dst="0" />
<file name="_rotated-flipped.scss" server="ftp.alicinaroglu.com/public_html/udemy/html_tema/" local="131644026500000000" remote="131665377600000000" Dst="0" />
<file name="_list.scss" server="ftp.alicinaroglu.com/public_html/udemy/html_tema/" local="131644026500000000" remote="131665377600000000" Dst="0" />
<file name="_screen-reader.scss" server="ftp.alicinaroglu.com/public_html/udemy/html_tema/" local="131644026500000000" remote="131665377600000000" Dst="0" />
<file name="_stacked.scss" server="ftp.alicinaroglu.com/public_html/udemy/html_tema/" local="131644026500000000" remote="131665377600000000" Dst="0" />
<file name="_variables.scss" server="ftp.alicinaroglu.com/public_html/udemy/html_tema/" local="131644026500000000" remote="131665377600000000" Dst="0" />
<file name="fa-brands.css" server="ftp.alicinaroglu.com/public_html/udemy/wordpress_tema/" local="131676496313286326" remote="131676554400000000" Dst="0" />
<file name="fa-brands.scss" server="ftp.alicinaroglu.com/public_html/udemy/wordpress_tema/" local="131644026500000000" remote="131676554400000000" Dst="0" />
<file name="fa-regular.css" server="ftp.alicinaroglu.com/public_html/udemy/wordpress_tema/" local="131676496311834934" remote="131676554400000000" Dst="0" />
<file name="fa-regular.scss" server="ftp.alicinaroglu.com/public_html/udemy/wordpress_tema/" local="131644026500000000" remote="131676554400000000" Dst="0" />
<file name="fa-solid.css" server="ftp.alicinaroglu.com/public_html/udemy/wordpress_tema/" local="131676496306740044" remote="131676554400000000" Dst="0" />
<file name="fa-solid.scss" server="ftp.alicinaroglu.com/public_html/udemy/wordpress_tema/" local="131644026500000000" remote="131676554400000000" Dst="0" />
<file name="fontawesome.css" server="ftp.alicinaroglu.com/public_html/udemy/wordpress_tema/" local="131676496338610642" remote="131676554400000000" Dst="0" />
<file name="_animated.scss" server="ftp.alicinaroglu.com/public_html/udemy/wordpress_tema/" local="131644026500000000" remote="131676554400000000" Dst="0" />
<file name="fontawesome.scss" server="ftp.alicinaroglu.com/public_html/udemy/wordpress_tema/" local="131644026500000000" remote="131676554400000000" Dst="0" />
<file name="_bordered-pulled.scss" server="ftp.alicinaroglu.com/public_html/udemy/wordpress_tema/" local="131644026500000000" remote="131676554400000000" Dst="0" />
<file name="_fixed-width.scss" server="ftp.alicinaroglu.com/public_html/udemy/wordpress_tema/" local="131644026500000000" remote="131676554400000000" Dst="0" />
<file name="_core.scss" server="ftp.alicinaroglu.com/public_html/udemy/wordpress_tema/" local="131644026500000000" remote="131676554400000000" Dst="0" />
<file name="_larger.scss" server="ftp.alicinaroglu.com/public_html/udemy/wordpress_tema/" local="131644026500000000" remote="131676554400000000" Dst="0" />
<file name="_icons.scss" server="ftp.alicinaroglu.com/public_html/udemy/wordpress_tema/" local="131644026500000000" remote="131676554400000000" Dst="0" />
<file name="_list.scss" server="ftp.alicinaroglu.com/public_html/udemy/wordpress_tema/" local="131644026500000000" remote="131676554400000000" Dst="0" />
<file name="_mixins.scss" server="ftp.alicinaroglu.com/public_html/udemy/wordpress_tema/" local="131644026500000000" remote="131676554400000000" Dst="0" />
<file name="_rotated-flipped.scss" server="ftp.alicinaroglu.com/public_html/udemy/wordpress_tema/" local="131644026500000000" remote="131676554400000000" Dst="0" />
<file name="_screen-reader.scss" server="ftp.alicinaroglu.com/public_html/udemy/wordpress_tema/" local="131644026500000000" remote="131676554400000000" Dst="0" />
<file name="_stacked.scss" server="ftp.alicinaroglu.com/public_html/udemy/wordpress_tema/" local="131644026500000000" remote="131676554400000000" Dst="0" />
<file name="_variables.scss" server="ftp.alicinaroglu.com/public_html/udemy/wordpress_tema/" local="131644026500000000" remote="131676554400000000" Dst="0" />
</dwsync>