<?xml version="1.0" encoding="utf-8" ?>
<dwsync>
<file name="owl.carousel.min.js" server="ftp.temamagazasi.com/public_html/derkompanie/" local="131161789738098472" remote="131153087400000000" Dst="2" />
<file name="owl.carousel.js" server="ftp.temamagazasi.com/public_html/derkompanie/" local="131161789738739918" remote="131153087400000000" Dst="2" />
<file name="owl.carousel.min.js" server="ftp.temamagazasi.com/public_html/derbesitz/" local="131447689406253071" remote="131455581600000000" Dst="0" />
<file name="owl.carousel.js" server="ftp.temamagazasi.com/public_html/derbesitz/" local="131447689405682526" remote="131455581600000000" Dst="0" />
<file name=".gitignore" server="ftp.temamagazasi.com/public_html/derbesitz/" local="131328025920000000" remote="131455581000000000" Dst="0" />
<file name=".gitattributes" server="ftp.temamagazasi.com/public_html/derbesitz/" local="131328025920000000" remote="131455581000000000" Dst="0" />
<file name=".travis.yml" server="ftp.temamagazasi.com/public_html/derbesitz/" local="131328025920000000" remote="131455581000000000" Dst="0" />
<file name="CONTRIBUTING.md" server="ftp.temamagazasi.com/public_html/derbesitz/" local="131328025920000000" remote="131455581000000000" Dst="0" />
<file name="bower.json" server="ftp.temamagazasi.com/public_html/derbesitz/" local="131328025920000000" remote="131455581000000000" Dst="0" />
<file name="LICENSE" server="ftp.temamagazasi.com/public_html/derbesitz/" local="131328025920000000" remote="131455581600000000" Dst="0" />
<file name="Gruntfile.js" server="ftp.temamagazasi.com/public_html/derbesitz/" local="131328025920000000" remote="131455581600000000" Dst="0" />
<file name="package.json" server="ftp.temamagazasi.com/public_html/derbesitz/" local="131328025920000000" remote="131455581600000000" Dst="0" />
<file name="README.md" server="ftp.temamagazasi.com/public_html/derbesitz/" local="131328025920000000" remote="131455581600000000" Dst="0" />
<file name="ROADMAP.md" server="ftp.temamagazasi.com/public_html/derbesitz/" local="131328025920000000" remote="131455581600000000" Dst="0" />
<file name="_config.json" server="ftp.temamagazasi.com/public_html/derbesitz/" local="131328025920000000" remote="131455581600000000" Dst="0" />
<file name=".gitattributes" server="109.232.216.204/public_html/" local="131475244378446871" remote="131477824200000000" Dst="0" />
<file name=".gitignore" server="109.232.216.204/public_html/" local="131475244378526950" remote="131477824200000000" Dst="0" />
<file name=".travis.yml" server="109.232.216.204/public_html/" local="131475244378602018" remote="131477824200000000" Dst="0" />
<file name="CONTRIBUTING.md" server="109.232.216.204/public_html/" local="131475244379477072" remote="131477824200000000" Dst="0" />
<file name="bower.json" server="109.232.216.204/public_html/" local="131475244379156760" remote="131477824200000000" Dst="0" />
<file name="Gruntfile.js" server="109.232.216.204/public_html/" local="131475244449391922" remote="131477824200000000" Dst="0" />
<file name="LICENSE" server="109.232.216.204/public_html/" local="131475244449702219" remote="131477824200000000" Dst="0" />
<file name="owl.carousel.min.js" server="109.232.216.204/public_html/" local="131475244452365186" remote="131477824200000000" Dst="0" />
<file name="package.json" server="109.232.216.204/public_html/" local="131475244452836166" remote="131477824200000000" Dst="0" />
<file name="owl.carousel.js" server="109.232.216.204/public_html/" local="131475244451358801" remote="131477824200000000" Dst="0" />
<file name="ROADMAP.md" server="109.232.216.204/public_html/" local="131475244454298908" remote="131477824200000000" Dst="0" />
<file name="README.md" server="109.232.216.204/public_html/" local="131475244453126451" remote="131477824200000000" Dst="0" />
<file name="_config.json" server="109.232.216.204/public_html/" local="131475244467112818" remote="131477824200000000" Dst="0" />
<file name="Gruntfile.js" server="ftp.flatisler.com/public_html/" local="131656786876629943" remote="131659387800000000" Dst="0" />
<file name="LICENSE" server="ftp.flatisler.com/public_html/" local="131656786876429754" remote="131659387800000000" Dst="0" />
<file name="owl.carousel.js" server="ftp.flatisler.com/public_html/" local="131656792853029835" remote="131659387800000000" Dst="0" />
<file name="bower.json" server="ftp.flatisler.com/public_html/" local="131656786877555832" remote="131659387200000000" Dst="0" />
<file name="_config.json" server="ftp.flatisler.com/public_html/" local="131656786877275558" remote="131659387800000000" Dst="0" />
<file name="README.md" server="ftp.flatisler.com/public_html/" local="131656786876735052" remote="131659387800000000" Dst="0" />
<file name="owl.carousel.min.js" server="ftp.flatisler.com/public_html/" local="131656792852809792" remote="131659387800000000" Dst="0" />
<file name="ROADMAP.md" server="ftp.flatisler.com/public_html/" local="131656786877045343" remote="131659387800000000" Dst="0" />
<file name=".gitignore" server="ftp.flatisler.com/public_html/" local="131656786875729083" remote="131659387200000000" Dst="0" />
<file name="package.json" server="ftp.flatisler.com/public_html/" local="131656792852854670" remote="131659387800000000" Dst="0" />
<file name="CONTRIBUTING.md" server="ftp.flatisler.com/public_html/" local="131656786875819168" remote="131659387200000000" Dst="0" />
<file name=".gitattributes" server="ftp.flatisler.com/public_html/" local="131656786875288664" remote="131659387200000000" Dst="0" />
<file name=".travis.yml" server="ftp.flatisler.com/public_html/" local="131656786875914262" remote="131659387200000000" Dst="0" />
<file name=".gitattributes" server="ftp.alicinaroglu.com/public_html/" local="131661838340000000" remote="131665361400000000" Dst="0" />
<file name=".gitignore" server="ftp.alicinaroglu.com/public_html/" local="131661838340000000" remote="131665361400000000" Dst="0" />
<file name=".travis.yml" server="ftp.alicinaroglu.com/public_html/" local="131661838340000000" remote="131665361400000000" Dst="0" />
<file name="bower.json" server="ftp.alicinaroglu.com/public_html/" local="131661838340000000" remote="131665361400000000" Dst="0" />
<file name="CONTRIBUTING.md" server="ftp.alicinaroglu.com/public_html/" local="131661838340000000" remote="131665361400000000" Dst="0" />
<file name="LICENSE" server="ftp.alicinaroglu.com/public_html/" local="131661838400000000" remote="131665361400000000" Dst="0" />
<file name="Gruntfile.js" server="ftp.alicinaroglu.com/public_html/" local="131661838400000000" remote="131665361400000000" Dst="0" />
<file name="owl.carousel.min.js" server="ftp.alicinaroglu.com/public_html/" local="131661838400000000" remote="131665361400000000" Dst="0" />
<file name="package.json" server="ftp.alicinaroglu.com/public_html/" local="131661838400000000" remote="131665361400000000" Dst="0" />
<file name="owl.carousel.js" server="ftp.alicinaroglu.com/public_html/" local="131661838400000000" remote="131665361400000000" Dst="0" />
<file name="ROADMAP.md" server="ftp.alicinaroglu.com/public_html/" local="131661838400000000" remote="131665361400000000" Dst="0" />
<file name="README.md" server="ftp.alicinaroglu.com/public_html/" local="131661838400000000" remote="131665361400000000" Dst="0" />
<file name="_config.json" server="ftp.alicinaroglu.com/public_html/" local="131661838410000000" remote="131665361400000000" Dst="0" />
<file name=".gitattributes" server="ftp.alicinaroglu.com/public_html/udemy/html_tema/" local="131661838340000000" remote="131665377600000000" Dst="0" />
<file name=".gitignore" server="ftp.alicinaroglu.com/public_html/udemy/html_tema/" local="131661838340000000" remote="131665377600000000" Dst="0" />
<file name="bower.json" server="ftp.alicinaroglu.com/public_html/udemy/html_tema/" local="131661838340000000" remote="131665377600000000" Dst="0" />
<file name=".travis.yml" server="ftp.alicinaroglu.com/public_html/udemy/html_tema/" local="131661838340000000" remote="131665377600000000" Dst="0" />
<file name="CONTRIBUTING.md" server="ftp.alicinaroglu.com/public_html/udemy/html_tema/" local="131661838340000000" remote="131665377600000000" Dst="0" />
<file name="LICENSE" server="ftp.alicinaroglu.com/public_html/udemy/html_tema/" local="131661838400000000" remote="131665378200000000" Dst="0" />
<file name="Gruntfile.js" server="ftp.alicinaroglu.com/public_html/udemy/html_tema/" local="131661838400000000" remote="131665378200000000" Dst="0" />
<file name="owl.carousel.js" server="ftp.alicinaroglu.com/public_html/udemy/html_tema/" local="131661838400000000" remote="131665378200000000" Dst="0" />
<file name="owl.carousel.min.js" server="ftp.alicinaroglu.com/public_html/udemy/html_tema/" local="131661838400000000" remote="131665378200000000" Dst="0" />
<file name="package.json" server="ftp.alicinaroglu.com/public_html/udemy/html_tema/" local="131661838400000000" remote="131665378200000000" Dst="0" />
<file name="README.md" server="ftp.alicinaroglu.com/public_html/udemy/html_tema/" local="131661838400000000" remote="131665378200000000" Dst="0" />
<file name="ROADMAP.md" server="ftp.alicinaroglu.com/public_html/udemy/html_tema/" local="131661838400000000" remote="131665378200000000" Dst="0" />
<file name="_config.json" server="ftp.alicinaroglu.com/public_html/udemy/html_tema/" local="131661838410000000" remote="131665378200000000" Dst="0" />
<file name=".gitattributes" server="ftp.alicinaroglu.com/public_html/udemy/wordpress_tema/" local="131661838340000000" remote="131676554400000000" Dst="0" />
<file name=".gitignore" server="ftp.alicinaroglu.com/public_html/udemy/wordpress_tema/" local="131661838340000000" remote="131676554400000000" Dst="0" />
<file name=".travis.yml" server="ftp.alicinaroglu.com/public_html/udemy/wordpress_tema/" local="131661838340000000" remote="131676554400000000" Dst="0" />
<file name="bower.json" server="ftp.alicinaroglu.com/public_html/udemy/wordpress_tema/" local="131661838340000000" remote="131676554400000000" Dst="0" />
<file name="CONTRIBUTING.md" server="ftp.alicinaroglu.com/public_html/udemy/wordpress_tema/" local="131661838340000000" remote="131676554400000000" Dst="0" />
<file name="Gruntfile.js" server="ftp.alicinaroglu.com/public_html/udemy/wordpress_tema/" local="131661838400000000" remote="131676554400000000" Dst="0" />
<file name="LICENSE" server="ftp.alicinaroglu.com/public_html/udemy/wordpress_tema/" local="131661838400000000" remote="131676554400000000" Dst="0" />
<file name="owl.carousel.js" server="ftp.alicinaroglu.com/public_html/udemy/wordpress_tema/" local="131661838400000000" remote="131676554400000000" Dst="0" />
<file name="package.json" server="ftp.alicinaroglu.com/public_html/udemy/wordpress_tema/" local="131661838400000000" remote="131676554400000000" Dst="0" />
<file name="owl.carousel.min.js" server="ftp.alicinaroglu.com/public_html/udemy/wordpress_tema/" local="131661838400000000" remote="131676554400000000" Dst="0" />
<file name="README.md" server="ftp.alicinaroglu.com/public_html/udemy/wordpress_tema/" local="131661838400000000" remote="131676554400000000" Dst="0" />
<file name="ROADMAP.md" server="ftp.alicinaroglu.com/public_html/udemy/wordpress_tema/" local="131661838400000000" remote="131676554400000000" Dst="0" />
<file name="_config.json" server="ftp.alicinaroglu.com/public_html/udemy/wordpress_tema/" local="131661838410000000" remote="131676554400000000" Dst="0" />
</dwsync>