<?xml version="1.0" encoding="utf-8" ?>
<dwsync>
<file name="favicon.png" server="ftp.alicinaroglu.com/public_html/" local="131665350920000000" remote="131665360800000000" Dst="0" />
<file name="anasayfa-hakkimizda.jpg" server="ftp.alicinaroglu.com/public_html/" local="131661860600000000" remote="131665360800000000" Dst="0" />
<file name="firmalar-2.jpg" server="ftp.alicinaroglu.com/public_html/" local="131661878090000000" remote="131665360800000000" Dst="0" />
<file name="firmalar-3.jpg" server="ftp.alicinaroglu.com/public_html/" local="131661878090000000" remote="131665360800000000" Dst="0" />
<file name="firmalar-4.jpg" server="ftp.alicinaroglu.com/public_html/" local="131661878090000000" remote="131665360800000000" Dst="0" />
<file name="firmalar-1.jpg" server="ftp.alicinaroglu.com/public_html/" local="131661878090000000" remote="131665360800000000" Dst="0" />
<file name="haber-foto-1.jpg" server="ftp.alicinaroglu.com/public_html/" local="131661883370000000" remote="131665360800000000" Dst="0" />
<file name="haber-foto-2.jpg" server="ftp.alicinaroglu.com/public_html/" local="131661883370000000" remote="131665360800000000" Dst="0" />
<file name="haber-foto-3.jpg" server="ftp.alicinaroglu.com/public_html/" local="131661883370000000" remote="131665360800000000" Dst="0" />
<file name="hizmet-foto-1.jpg" server="ftp.alicinaroglu.com/public_html/" local="131661849200000000" remote="131665360800000000" Dst="0" />
<file name="hizmet-foto-2.jpg" server="ftp.alicinaroglu.com/public_html/" local="131661849210000000" remote="131665360800000000" Dst="0" />
<file name="referans-foto-1.jpg" server="ftp.alicinaroglu.com/public_html/" local="131661869560000000" remote="131665360800000000" Dst="0" />
<file name="hizmet-foto-3.jpg" server="ftp.alicinaroglu.com/public_html/" local="131661849210000000" remote="131665360800000000" Dst="0" />
<file name="referans-foto-2.jpg" server="ftp.alicinaroglu.com/public_html/" local="131661869560000000" remote="131665360800000000" Dst="0" />
<file name="referans-foto-3.jpg" server="ftp.alicinaroglu.com/public_html/" local="131661869560000000" remote="131665360800000000" Dst="0" />
<file name="referans-foto-4.jpg" server="ftp.alicinaroglu.com/public_html/" local="131661869550000000" remote="131665360800000000" Dst="0" />
<file name="anasayfa-hakkimizda.jpg" server="ftp.alicinaroglu.com/public_html/udemy/html_tema/" local="131661860600000000" remote="131665377000000000" Dst="0" />
<file name="favicon.png" server="ftp.alicinaroglu.com/public_html/udemy/html_tema/" local="131665350920000000" remote="131665377000000000" Dst="0" />
<file name="firmalar-2.jpg" server="ftp.alicinaroglu.com/public_html/udemy/html_tema/" local="131661878090000000" remote="131665377000000000" Dst="0" />
<file name="firmalar-3.jpg" server="ftp.alicinaroglu.com/public_html/udemy/html_tema/" local="131661878090000000" remote="131665377000000000" Dst="0" />
<file name="firmalar-1.jpg" server="ftp.alicinaroglu.com/public_html/udemy/html_tema/" local="131661878090000000" remote="131665377000000000" Dst="0" />
<file name="firmalar-4.jpg" server="ftp.alicinaroglu.com/public_html/udemy/html_tema/" local="131661878090000000" remote="131665377000000000" Dst="0" />
<file name="haber-foto-1.jpg" server="ftp.alicinaroglu.com/public_html/udemy/html_tema/" local="131661883370000000" remote="131665377000000000" Dst="0" />
<file name="haber-foto-2.jpg" server="ftp.alicinaroglu.com/public_html/udemy/html_tema/" local="131661883370000000" remote="131665377000000000" Dst="0" />
<file name="haber-foto-3.jpg" server="ftp.alicinaroglu.com/public_html/udemy/html_tema/" local="131661883370000000" remote="131665377000000000" Dst="0" />
<file name="hizmet-foto-2.jpg" server="ftp.alicinaroglu.com/public_html/udemy/html_tema/" local="131661849210000000" remote="131665377000000000" Dst="0" />
<file name="hizmet-foto-1.jpg" server="ftp.alicinaroglu.com/public_html/udemy/html_tema/" local="131661849200000000" remote="131665377000000000" Dst="0" />
<file name="hizmet-foto-3.jpg" server="ftp.alicinaroglu.com/public_html/udemy/html_tema/" local="131661849210000000" remote="131665377000000000" Dst="0" />
<file name="referans-foto-1.jpg" server="ftp.alicinaroglu.com/public_html/udemy/html_tema/" local="131661869560000000" remote="131665377000000000" Dst="0" />
<file name="referans-foto-2.jpg" server="ftp.alicinaroglu.com/public_html/udemy/html_tema/" local="131661869560000000" remote="131665377000000000" Dst="0" />
<file name="referans-foto-3.jpg" server="ftp.alicinaroglu.com/public_html/udemy/html_tema/" local="131661869560000000" remote="131665377000000000" Dst="0" />
<file name="referans-foto-4.jpg" server="ftp.alicinaroglu.com/public_html/udemy/html_tema/" local="131661869550000000" remote="131665377000000000" Dst="0" />
<file name="stuka-logo.png" server="ftp.alicinaroglu.com/public_html/udemy/html_tema/" local="131665375635454037" remote="131665377000000000" Dst="0" />
<file name="anasayfa-hakkimizda.jpg" server="ftp.alicinaroglu.com/public_html/udemy/wordpress_tema/" local="131661860600000000" remote="131676554400000000" Dst="0" />
<file name="favicon.png" server="ftp.alicinaroglu.com/public_html/udemy/wordpress_tema/" local="131665350920000000" remote="131676554400000000" Dst="0" />
<file name="firmalar-1.jpg" server="ftp.alicinaroglu.com/public_html/udemy/wordpress_tema/" local="131661878090000000" remote="131676554400000000" Dst="0" />
<file name="firmalar-2.jpg" server="ftp.alicinaroglu.com/public_html/udemy/wordpress_tema/" local="131661878090000000" remote="131676554400000000" Dst="0" />
<file name="firmalar-3.jpg" server="ftp.alicinaroglu.com/public_html/udemy/wordpress_tema/" local="131661878090000000" remote="131676554400000000" Dst="0" />
<file name="firmalar-4.jpg" server="ftp.alicinaroglu.com/public_html/udemy/wordpress_tema/" local="131661878090000000" remote="131676554400000000" Dst="0" />
<file name="haber-foto-1.jpg" server="ftp.alicinaroglu.com/public_html/udemy/wordpress_tema/" local="131661883370000000" remote="131676554400000000" Dst="0" />
<file name="haber-foto-2.jpg" server="ftp.alicinaroglu.com/public_html/udemy/wordpress_tema/" local="131661883370000000" remote="131676554400000000" Dst="0" />
<file name="haber-foto-3.jpg" server="ftp.alicinaroglu.com/public_html/udemy/wordpress_tema/" local="131661883370000000" remote="131676554400000000" Dst="0" />
<file name="hizmet-foto-1.jpg" server="ftp.alicinaroglu.com/public_html/udemy/wordpress_tema/" local="131661849200000000" remote="131676554400000000" Dst="0" />
<file name="hizmet-foto-2.jpg" server="ftp.alicinaroglu.com/public_html/udemy/wordpress_tema/" local="131661849210000000" remote="131676554400000000" Dst="0" />
<file name="hizmet-foto-3.jpg" server="ftp.alicinaroglu.com/public_html/udemy/wordpress_tema/" local="131661849210000000" remote="131676554400000000" Dst="0" />
<file name="referans-foto-1.jpg" server="ftp.alicinaroglu.com/public_html/udemy/wordpress_tema/" local="131661869560000000" remote="131676554400000000" Dst="0" />
<file name="referans-foto-2.jpg" server="ftp.alicinaroglu.com/public_html/udemy/wordpress_tema/" local="131661869560000000" remote="131676554400000000" Dst="0" />
<file name="referans-foto-4.jpg" server="ftp.alicinaroglu.com/public_html/udemy/wordpress_tema/" local="131661869550000000" remote="131676554400000000" Dst="0" />
<file name="referans-foto-3.jpg" server="ftp.alicinaroglu.com/public_html/udemy/wordpress_tema/" local="131661869560000000" remote="131676554400000000" Dst="0" />
<file name="stuka-logo.png" server="ftp.alicinaroglu.com/public_html/udemy/wordpress_tema/" local="131665375635454037" remote="131676554400000000" Dst="0" />
</dwsync>