<?xml version="1.0" encoding="utf-8" ?>
<dwsync>
<file name="app.js" server="ftp.modim.com.tr/public_html/" local="131328025920000000" remote="131441540400000000" Dst="0" />
<file name="foundation.min.js" server="ftp.modim.com.tr/public_html/" local="131328025920000000" remote="131441540400000000" Dst="0" />
<file name="app.js" server="ftp.temamagazasi.com/public_html/derbesitz/" local="131328025920000000" remote="131455581600000000" Dst="0" />
<file name="foundation.min.js" server="ftp.temamagazasi.com/public_html/derbesitz/" local="131328025920000000" remote="131455581600000000" Dst="0" />
<file name="app.js" server="109.232.216.204/public_html/" local="131475244386531490" remote="131477824200000000" Dst="0" />
<file name="foundation.min.js" server="109.232.216.204/public_html/" local="131475244388109602" remote="131477824200000000" Dst="0" />
<file name="app.js" server="ftp.flatisler.com/public_html/" local="131656786884117106" remote="131659387800000000" Dst="0" />
<file name="foundation.min.js" server="ftp.flatisler.com/public_html/" local="131656786885928838" remote="131659387800000000" Dst="0" />
<file name="app.js" server="ftp.alicinaroglu.com/public_html/" local="131661838350000000" remote="131665361400000000" Dst="0" />
<file name="foundation.min.js" server="ftp.alicinaroglu.com/public_html/" local="131661838350000000" remote="131665361400000000" Dst="0" />
<file name="app.js" server="ftp.alicinaroglu.com/public_html/udemy/html_tema/" local="131661838350000000" remote="131665377600000000" Dst="0" />
<file name="foundation.min.js" server="ftp.alicinaroglu.com/public_html/udemy/html_tema/" local="131661838350000000" remote="131665377600000000" Dst="0" />
<file name="app.js" server="ftp.alicinaroglu.com/public_html/udemy/wordpress_tema/" local="131661838350000000" remote="131676554400000000" Dst="0" />
<file name="foundation.min.js" server="ftp.alicinaroglu.com/public_html/udemy/wordpress_tema/" local="131661838350000000" remote="131676554400000000" Dst="0" />
</dwsync>