<?xml version="1.0" encoding="utf-8" ?>
<dwsync>
<file name="owl.video.play.png" server="ftp.modim.com.tr/public_html/" local="131328025920000000" remote="131441540400000000" Dst="0" />
<file name="ajax-loader.gif" server="ftp.modim.com.tr/public_html/" local="131328025920000000" remote="131441540400000000" Dst="0" />
<file name="owl.video.play.png" server="ftp.temamagazasi.com/public_html/derbesitz/" local="131328025920000000" remote="131455581600000000" Dst="0" />
<file name="ajax-loader.gif" server="ftp.temamagazasi.com/public_html/derbesitz/" local="131328025920000000" remote="131455581600000000" Dst="0" />
<file name="owl.video.play.png" server="109.232.216.204/public_html/" local="131475244455770858" remote="131477824200000000" Dst="0" />
<file name="ajax-loader.gif" server="109.232.216.204/public_html/" local="131475244454789379" remote="131477824200000000" Dst="0" />
<file name="ajax-loader.gif" server="ftp.flatisler.com/public_html/" local="131656792853724357" remote="131659387800000000" Dst="0" />
<file name="owl.video.play.png" server="ftp.flatisler.com/public_html/" local="131656792853379030" remote="131659387800000000" Dst="0" />
<file name="ajax-loader.gif" server="ftp.alicinaroglu.com/public_html/" local="131661838400000000" remote="131665361400000000" Dst="0" />
<file name="owl.video.play.png" server="ftp.alicinaroglu.com/public_html/" local="131661838400000000" remote="131665361400000000" Dst="0" />
<file name="owl.video.play.png" server="ftp.alicinaroglu.com/public_html/udemy/html_tema/" local="131661838400000000" remote="131665378200000000" Dst="0" />
<file name="ajax-loader.gif" server="ftp.alicinaroglu.com/public_html/udemy/html_tema/" local="131661838400000000" remote="131665378200000000" Dst="0" />
<file name="ajax-loader.gif" server="ftp.alicinaroglu.com/public_html/udemy/wordpress_tema/" local="131661838400000000" remote="131676554400000000" Dst="0" />
<file name="owl.video.play.png" server="ftp.alicinaroglu.com/public_html/udemy/wordpress_tema/" local="131661838400000000" remote="131676554400000000" Dst="0" />
</dwsync>