<?xml version="1.0" encoding="utf-8" ?>
<dwsync>
<file name="bootstrap.bundle.js" server="ftp.alicinaroglu.com/public_html/" local="131607272120000000" remote="131665360800000000" Dst="0" />
<file name="bootstrap.bundle.min.js" server="ftp.alicinaroglu.com/public_html/" local="131607272160000000" remote="131665360800000000" Dst="0" />
<file name="bootstrap.js" server="ftp.alicinaroglu.com/public_html/" local="131607272120000000" remote="131665360800000000" Dst="0" />
<file name="bootstrap.bundle.js.map" server="ftp.alicinaroglu.com/public_html/" local="131607272120000000" remote="131665360800000000" Dst="0" />
<file name="bootstrap.bundle.min.js.map" server="ftp.alicinaroglu.com/public_html/" local="131607272160000000" remote="131665360800000000" Dst="0" />
<file name="bootstrap.min.js" server="ftp.alicinaroglu.com/public_html/" local="131607272160000000" remote="131665360800000000" Dst="0" />
<file name="bootstrap.js.map" server="ftp.alicinaroglu.com/public_html/" local="131607272120000000" remote="131665360800000000" Dst="0" />
<file name="bootstrap.min.js.map" server="ftp.alicinaroglu.com/public_html/" local="131607272160000000" remote="131665360800000000" Dst="0" />
<file name="bootstrap.bundle.js" server="ftp.alicinaroglu.com/public_html/udemy/html_tema/" local="131607272120000000" remote="131665377600000000" Dst="0" />
<file name="bootstrap.bundle.min.js" server="ftp.alicinaroglu.com/public_html/udemy/html_tema/" local="131607272160000000" remote="131665377600000000" Dst="0" />
<file name="bootstrap.bundle.js.map" server="ftp.alicinaroglu.com/public_html/udemy/html_tema/" local="131607272120000000" remote="131665377600000000" Dst="0" />
<file name="bootstrap.js" server="ftp.alicinaroglu.com/public_html/udemy/html_tema/" local="131607272120000000" remote="131665377600000000" Dst="0" />
<file name="bootstrap.bundle.min.js.map" server="ftp.alicinaroglu.com/public_html/udemy/html_tema/" local="131607272160000000" remote="131665377600000000" Dst="0" />
<file name="bootstrap.min.js" server="ftp.alicinaroglu.com/public_html/udemy/html_tema/" local="131607272160000000" remote="131665377600000000" Dst="0" />
<file name="bootstrap.js.map" server="ftp.alicinaroglu.com/public_html/udemy/html_tema/" local="131607272120000000" remote="131665377600000000" Dst="0" />
<file name="bootstrap.min.js.map" server="ftp.alicinaroglu.com/public_html/udemy/html_tema/" local="131607272160000000" remote="131665377600000000" Dst="0" />
<file name="bootstrap.bundle.js" server="ftp.alicinaroglu.com/public_html/udemy/wordpress_tema/" local="131607272120000000" remote="131676554400000000" Dst="0" />
<file name="bootstrap.bundle.min.js" server="ftp.alicinaroglu.com/public_html/udemy/wordpress_tema/" local="131607272160000000" remote="131676554400000000" Dst="0" />
<file name="bootstrap.bundle.js.map" server="ftp.alicinaroglu.com/public_html/udemy/wordpress_tema/" local="131607272120000000" remote="131676554400000000" Dst="0" />
<file name="bootstrap.js" server="ftp.alicinaroglu.com/public_html/udemy/wordpress_tema/" local="131607272120000000" remote="131676554400000000" Dst="0" />
<file name="bootstrap.bundle.min.js.map" server="ftp.alicinaroglu.com/public_html/udemy/wordpress_tema/" local="131607272160000000" remote="131676554400000000" Dst="0" />
<file name="bootstrap.min.js" server="ftp.alicinaroglu.com/public_html/udemy/wordpress_tema/" local="131607272160000000" remote="131676554400000000" Dst="0" />
<file name="bootstrap.js.map" server="ftp.alicinaroglu.com/public_html/udemy/wordpress_tema/" local="131607272120000000" remote="131676554400000000" Dst="0" />
<file name="bootstrap.min.js.map" server="ftp.alicinaroglu.com/public_html/udemy/wordpress_tema/" local="131607272160000000" remote="131676554400000000" Dst="0" />
</dwsync>